URL,Verified,Verified Accounts,Year,Quarter,Month,Day,Name / ID,Location,Has Description,Followers,Status Available,Accounts Without a Link
twitter.com/_gr_SA,FALSE,Non Verified Accounts,2021,Qtr 1,March,9,,Greece,Has Description,113,TRUE,Has Link
twitter.com/_idand,FALSE,Non Verified Accounts,2021,Qtr 1,March,9,,,Has Description,10,TRUE,Has Link
twitter.com/_nluay,TRUE,Verified Accounts,2021,Qtr 1,March,9,,Amsterdam,Has Description,31393,TRUE,Has Link
twitter.com/elllub,TRUE,Verified Accounts,2021,Qtr 1,March,9,,Deutschland Österreich Schweiz,Has Description,1326,TRUE,Has Link
twitter.com/_SAina,TRUE,Verified Accounts,2021,Qtr 1,March,9,,South Africa,Has Description,21731,TRUE,Has Link
twitter.com/andjan,FALSE,Non Verified Accounts,2021,Qtr 1,March,9,,,Has Description,1068,TRUE,Has Link
twitter.com/uayebr,FALSE,Non Verified Accounts,2021,Qtr 1,March,9,,,Has Description,10347,TRUE,Has Link
twitter.com/lubada,FALSE,Non Verified Accounts,2021,Qtr 1,March,9,,,Has Description,2888,TRUE,No Link
twitter.com/inabia,TRUE,Verified Accounts,2021,Qtr 1,March,9,,Argentina,Has Description,19685,TRUE,Has Link
twitter.com/jan_ru,FALSE,Non Verified Accounts,2021,Qtr 1,March,9,,Azərbaycan,Has Description,21,TRUE,Has Link
twitter.com/ebrnce,TRUE,Verified Accounts,2021,Qtr 1,March,9,,Brasil,Has Description,16725,TRUE,Has Link
twitter.com/adaece,TRUE,Verified Accounts,2021,Qtr 1,March,9,,Canada,Has Description,4435,TRUE,Has Link
twitter.com/biaeJP,FALSE,Non Verified Accounts,2021,Qtr 1,March,9,,,Has Description,34,FALSE,No Link
twitter.com/_ruico,FALSE,Non Verified Accounts,2021,Qtr 1,March,9,,,Has Description,0,TRUE,Has Link
twitter.com/nceast,TRUE,Verified Accounts,2021,Qtr 1,March,9,,,Has Description,13568,TRUE,Has Link
twitter.com/eceuay,FALSE,Non Verified Accounts,2021,Qtr 1,March,9,,,Has Description,8,TRUE,Has Link
twitter.com/eJPnes,TRUE,Verified Accounts,2021,Qtr 1,March,9,,,Has Description,9545,TRUE,Has Link
twitter.com/icosia,TRUE,Verified Accounts,2021,Qtr 1,March,9,,México,Has Description,24303,TRUE,Has Link
twitter.com/astiye,FALSE,Non Verified Accounts,2021,Qtr 1,March,9,,,Has Description,1393,TRUE,Has Link
twitter.com/uayela,FALSE,Non Verified Accounts,2021,Qtr 1,March,9,,,Has Description,6054,TRUE,Has Link
twitter.com/nesepy,TRUE,Verified Accounts,2021,Qtr 1,March,9,,Philippines,Has Description,7340,TRUE,Has Link
twitter.com/siaMen,FALSE,Non Verified Accounts,2021,Qtr 1,March,9,,,Has Description,1455,TRUE,No Link
twitter.com/iye_th,TRUE,Verified Accounts,2021,Qtr 1,March,9,,,Has Description,15483,TRUE,Has Link
twitter.com/elabia,FALSE,Non Verified Accounts,2021,Qtr 1,March,9,,El Paraíso,Has Description,262,TRUE,Has Link
twitter.com/epyina,FALSE,Non Verified Accounts,2021,Qtr 1,March,9,,,Has Description,118,TRUE,No Link
twitter.com/Menypt,TRUE,Verified Accounts,2021,Qtr 1,March,9,,United Kingdom,Has Description,4427,TRUE,Has Link
twitter.com/_thair,TRUE,Verified Accounts,2021,Qtr 1,March,9,,Thailand,Has Description,212,TRUE,Has Link
twitter.com/biaeJP,TRUE,Verified Accounts,2021,Qtr 1,March,9,,,Has Description,7063,TRUE,No Link
twitter.com/inasia,FALSE,Non Verified Accounts,2021,Qtr 1,March,9,,Argentina,Has Description,8653,TRUE,Has Link
twitter.com/yptsia,FALSE,Non Verified Accounts,2021,Qtr 1,March,9,,,Has Description,9137,TRUE,No Link
twitter.com/airuay,TRUE,Verified Accounts,2021,Qtr 1,March,9,,United States,Has Description,33900,TRUE,Has Link
twitter.com/eJPiye,TRUE,Verified Accounts,2021,Qtr 1,March,9,,,Has Description,4398,TRUE,Has Link
twitter.com/sianTR,TRUE,Verified Accounts,2021,Qtr 1,March,9,,,Has Description,55487,TRUE,Has Link
twitter.com/siaree,TRUE,Verified Accounts,2021,Qtr 1,March,9,,,Has Description,11145,TRUE,Has Link
twitter.com/uayeCA,FALSE,Non Verified Accounts,2021,Qtr 1,March,9,,,Has Description,4693,TRUE,Has Link
twitter.com/iyemen,FALSE,Non Verified Accounts,2021,Qtr 1,March,9,,,Has Description,5905,TRUE,Has Link
twitter.com/nTRove,FALSE,Non Verified Accounts,2021,Qtr 1,March,9,,,Has Description,2941,TRUE,Has Link
twitter.com/ree_ar,TRUE,Verified Accounts,2021,Qtr 1,March,9,,,Has Description,46092,TRUE,Has Link
twitter.com/eCAbia,FALSE,Non Verified Accounts,2021,Qtr 1,March,9,,,Has Description,3304,TRUE,Has Link
twitter.com/men_bo,TRUE,Verified Accounts,2021,Qtr 1,March,9,,,Has Description,22852,TRUE,Has Link
twitter.com/oveIDN,TRUE,Verified Accounts,2021,Qtr 1,March,9,,,Has Description,188739,TRUE,Has Link
twitter.com/_arind,TRUE,Verified Accounts,2021,Qtr 1,March,9,,Argentina,Has Description,31492,TRUE,Has Link
twitter.com/biakor,TRUE,Verified Accounts,2021,Qtr 1,March,9,,Middle East,Has Description,48437,TRUE,Has Link
twitter.com/_boTAM,FALSE,Non Verified Accounts,2021,Qtr 1,March,9,,,Has Description,10,TRUE,No Link
twitter.com/IDNmex,,,2021,Qtr 1,March,9,,,Has Description,,,No Link
twitter.com/ind_nl,TRUE,Verified Accounts,2021,Qtr 1,March,9,,,Has Description,14941,TRUE,Has Link
twitter.com/korell,FALSE,Non Verified Accounts,2021,Qtr 1,March,9,,,Has Description,7539,TRUE,Has Link
twitter.com/TAM_ph,FALSE,Non Verified Accounts,2021,Qtr 1,March,9,,,Has Description,3725,TRUE,Has Link
twitter.com/mex_pk,TRUE,Verified Accounts,2021,Qtr 1,March,9,,Mexico City,Has Description,7630,TRUE,Has Link
twitter.com/_nl_PY,FALSE,Non Verified Accounts,2021,Qtr 1,March,9,,Rotterdam,Has Description,14796,TRUE,Has Link
twitter.com/ell_th,TRUE,Verified Accounts,2021,Qtr 1,March,9,,"Hamburg, Germany",Has Description,1152,TRUE,Has Link
twitter.com/_ph_TR,FALSE,Non Verified Accounts,2021,Qtr 1,March,9,,Philippines,Has Description,12441,TRUE,Has Link
twitter.com/_pk_uy,FALSE,Non Verified Accounts,2021,Qtr 1,March,9,,Pakistan,Has Description,2693,TRUE,Has Link
twitter.com/_PY_za,FALSE,Non Verified Accounts,2021,Qtr 1,March,9,,,Has Description,8094,TRUE,Has Link
twitter.com/_thina,TRUE,Verified Accounts,2021,Qtr 1,March,9,,Thailand,Has Description,119,TRUE,Has Link
twitter.com/_TRebr,TRUE,Verified Accounts,2021,Qtr 1,March,9,,,Has Description,20976,TRUE,Has Link
twitter.com/_uyada,FALSE,Non Verified Accounts,2021,Qtr 1,March,9,,Uruguay,Has Description,16736,TRUE,Has Link
twitter.com/_zaana,FALSE,Non Verified Accounts,2021,Qtr 1,March,9,,,Has Description,24776,TRUE,Has Link
twitter.com/inaece,,,2021,Qtr 1,March,9,,,Has Description,,,No Link
twitter.com/ebreid,TRUE,Verified Accounts,2021,Qtr 1,March,9,,,Has Description,41943,TRUE,Has Link
twitter.com/adadia,TRUE,Verified Accounts,2021,Qtr 1,March,9,,,Has Description,9938,TRUE,Has Link
twitter.com/ananar,FALSE,Non Verified Accounts,2021,Qtr 1,March,9,,Accra,Has Description,306,TRUE,Has Link
twitter.com/ecebia,FALSE,Non Verified Accounts,2021,Qtr 1,March,9,,Greece,Has Description,11,TRUE,Has Link
twitter.com/eidnau,FALSE,Non Verified Accounts,2021,Qtr 1,March,9,,,Has Description,25,FALSE,No Link
twitter.com/dianbr,FALSE,Non Verified Accounts,2021,Qtr 1,March,9,,India,Has Description,587,TRUE,Has Link
twitter.com/narare,FALSE,Non Verified Accounts,2021,Qtr 1,March,9,,,Has Description,2692,TRUE,No Link
twitter.com/bia_za,TRUE,Verified Accounts,2021,Qtr 1,March,9,,Arabia,Has Description,2136,TRUE,Has Link
twitter.com/nauees,TRUE,Verified Accounts,2021,Qtr 1,March,9,,Australia,Has Description,1003,TRUE,Has Link
twitter.com/nbrejp,TRUE,Verified Accounts,2021,Qtr 1,March,9,,Brazil,Has Description,525,TRUE,Has Link
twitter.com/areemx,TRUE,Verified Accounts,2021,Qtr 1,March,9,,United States,Has Description,37238,TRUE,Has Link
twitter.com/_zaeph,TRUE,Verified Accounts,2021,Qtr 1,March,9,,South Africa,Has Description,1060,TRUE,Has Link
twitter.com/eesile,FALSE,Non Verified Accounts,2021,Qtr 1,March,9,,,Has Description,1,TRUE,No Link
twitter.com/ejpnpy,TRUE,Verified Accounts,2021,Qtr 1,March,9,,,Has Description,346,TRUE,Has Link
twitter.com/emxiye,TRUE,Verified Accounts,2021,Qtr 1,March,9,,México,Has Description,1301,TRUE,Has Link
twitter.com/ephnuk,FALSE,Non Verified Accounts,2021,Qtr 1,March,9,,Philippines,Has Description,117,TRUE,No Link
twitter.com/ileeuk,FALSE,Non Verified Accounts,2021,Qtr 1,March,9,,"Santiago, Chile.",Has Description,1600,TRUE,Has Link
twitter.com/npyear,FALSE,Non Verified Accounts,2021,Qtr 1,March,9,,Paraguay,Has Description,4138,TRUE,Has Link
twitter.com/iyeuoy,TRUE,Verified Accounts,2021,Qtr 1,March,9,,,Has Description,4702,TRUE,Has Link
twitter.com/nukbia,TRUE,Verified Accounts,2021,Qtr 1,March,9,,,Has Description,37683,TRUE,Has Link
twitter.com/euk_py,TRUE,Verified Accounts,2021,Qtr 1,March,9,,United Kingdom,Has Description,16207,TRUE,Has Link
twitter.com/earybr,FALSE,Non Verified Accounts,2021,Qtr 1,March,9,,,Has Description,457,TRUE,Has Link
twitter.com/uoyada,FALSE,Non Verified Accounts,2021,Qtr 1,March,9,,,Has Description,69,TRUE,No Link
twitter.com/biayfc,FALSE,Non Verified Accounts,2021,Qtr 1,March,9,,Middle East,Has Description,13096,TRUE,Has Link
twitter.com/_pyana,FALSE,Non Verified Accounts,2021,Qtr 1,March,9,,Paraguay,Has Description,402,TRUE,Has Link
twitter.com/ybryph,FALSE,Non Verified Accounts,2021,Qtr 1,March,9,,,Has Description,677,TRUE,Has Link
twitter.com/adaypk,FALSE,Non Verified Accounts,2021,Qtr 1,March,9,,,Has Description,0,FALSE,No Link
twitter.com/yfcoap,FALSE,Non Verified Accounts,2021,Qtr 1,March,9,,,Has Description,39,TRUE,No Link
twitter.com/anayUK,FALSE,Non Verified Accounts,2021,Qtr 1,March,9,,Accra Ghana,Has Description,730,TRUE,Has Link
twitter.com/yphyZA,FALSE,Non Verified Accounts,2021,Qtr 1,March,9,,,Has Description,2,FALSE,No Link
twitter.com/ypkynx,FALSE,Non Verified Accounts,2021,Qtr 1,March,9,,,Has Description,790,TRUE,Has Link
twitter.com/oapmen,TRUE,Verified Accounts,2021,Qtr 1,March,9,,#DoTheLifebuoy,Has Description,10117,TRUE,No Link
twitter.com/yUKesg,TRUE,Verified Accounts,2021,Qtr 1,March,9,,United Kingdom,Has Description,141,TRUE,Has Link
twitter.com/yZAeru,FALSE,Non Verified Accounts,2021,Qtr 1,March,9,,,Has Description,1992,TRUE,No Link
twitter.com/ynxana,TRUE,Verified Accounts,2021,Qtr 1,March,9,,UK,Has Description,58111,TRUE,Has Link
twitter.com/mennya,TRUE,Verified Accounts,2021,Qtr 1,March,9,,,Has Description,4583,TRUE,Has Link
twitter.com/esgdia,FALSE,Non Verified Accounts,2021,Qtr 1,March,9,,,Has Description,4,TRUE,Has Link
twitter.com/erutng,FALSE,Non Verified Accounts,2021,Qtr 1,March,9,,Lima-Perú,Has Description,3,TRUE,No Link
twitter.com/ana_bo,FALSE,Non Verified Accounts,2021,Qtr 1,March,9,,,Has Description,3131,TRUE,No Link
twitter.com/nya_de,FALSE,Non Verified Accounts,2021,Qtr 1,March,9,,Kenya,Has Description,1176,TRUE,Has Link
twitter.com/dia_el,FALSE,Non Verified Accounts,2021,Qtr 1,March,9,,India,Has Description,853,TRUE,Has Link
twitter.com/tng_id,FALSE,Non Verified Accounts,2021,Qtr 1,March,9,,,Has Description,3165,TRUE,Has Link
twitter.com/_bo_ph,FALSE,Non Verified Accounts,2021,Qtr 1,March,9,,,Has Description,97,TRUE,No Link
twitter.com/_desia,TRUE,Verified Accounts,2021,Qtr 1,March,9,,"Hamburg, Germany",Has Description,131,TRUE,Has Link
twitter.com/_elbia,FALSE,Non Verified Accounts,2021,Qtr 1,March,9,,,Has Description,8,TRUE,No Link
twitter.com/_idARG,TRUE,Verified Accounts,2021,Qtr 1,March,9,,Indonesia,Has Description,22300,TRUE,Has Link
twitter.com/_phaau,TRUE,Verified Accounts,2021,Qtr 1,March,9,,,Has Description,11003,TRUE,Has Link
twitter.com/siaile,FALSE,Non Verified Accounts,2021,Qtr 1,March,9,,,Has Description,27,TRUE,No Link
twitter.com/biaaea,TRUE,Verified Accounts,2021,Qtr 1,March,9,,,Has Description,24150,TRUE,No Link
twitter.com/ARGesp,FALSE,Non Verified Accounts,2021,Qtr 1,March,9,,,Has Description,11599,TRUE,Has Link
twitter.com/aauana,TRUE,Verified Accounts,2021,Qtr 1,March,9,,Australia,Has Description,3860,TRUE,Has Link
twitter.com/ileMDA,,,2021,Qtr 1,March,9,,,Has Description,,,No Link
twitter.com/aeanec,FALSE,Non Verified Accounts,2021,Qtr 1,March,9,,Kenya,Has Description,1729,TRUE,Has Link
twitter.com/espnfr,TRUE,Verified Accounts,2021,Qtr 1,March,9,,,Has Description,6633,TRUE,Has Link
twitter.com/ananPy,FALSE,Non Verified Accounts,2021,Qtr 1,March,9,,Ghana,Has Description,2837,TRUE,Has Link
twitter.com/MDAaMx,FALSE,Non Verified Accounts,2021,Qtr 1,March,9,,,Has Description,3107,TRUE,Has Link
twitter.com/necang,FALSE,Non Verified Accounts,2021,Qtr 1,March,9,,Ecuador,Has Description,59,TRUE,Has Link
twitter.com/nfranl,FALSE,Non Verified Accounts,2021,Qtr 1,March,9,,France,Has Description,390,TRUE,Has Link
twitter.com/nPyska,FALSE,Non Verified Accounts,2021,Qtr 1,March,9,,"Asunción, Paraguay",Has Description,7813,TRUE,Has Link
twitter.com/aMxand,TRUE,Verified Accounts,2021,Qtr 1,March,9,,México,Has Description,18656,TRUE,Has Link
twitter.com/angiye,FALSE,Non Verified Accounts,2021,Qtr 1,March,9,,Nigeria,Has Description,687,TRUE,Has Link
twitter.com/anluay,FALSE,Non Verified Accounts,2021,Qtr 1,March,9,,,Has Description,18,FALSE,Has Link
twitter.com/skanPY,FALSE,Non Verified Accounts,2021,Qtr 1,March,9,,"Warsaw, Poland",Has Description,5,TRUE,Has Link
twitter.com/and_Py,FALSE,Non Verified Accounts,2021,Qtr 1,March,9,,,Has Description,17,FALSE,No Link
twitter.com/iyeina,TRUE,Verified Accounts,2021,Qtr 1,March,9,,,Has Description,7487,TRUE,Has Link
twitter.com/uayvia,FALSE,Non Verified Accounts,2021,Qtr 1,March,9,,,Has Description,13731,TRUE,Has Link
twitter.com/nPYuay,FALSE,Non Verified Accounts,2021,Qtr 1,March,9,,Paraguay,Has Description,881,TRUE,Has Link
twitter.com/_Pyeru,FALSE,Non Verified Accounts,2021,Qtr 1,March,9,,,Has Description,7880,TRUE,Has Link
twitter.com/inaluy,FALSE,Non Verified Accounts,2021,Qtr 1,March,9,,Argentina,Has Description,44421,TRUE,Has Link
twitter.com/via_ZA,FALSE,Non Verified Accounts,2021,Qtr 1,March,9,,Bolivia,Has Description,45,TRUE,No Link
twitter.com/uayMen,FALSE,Non Verified Accounts,2021,Qtr 1,March,9,,,Has Description,15,FALSE,No Link
twitter.com/erubia,FALSE,Non Verified Accounts,2021,Qtr 1,March,9,,,Has Description,3561,TRUE,No Link
twitter.com/luyrts,FALSE,Non Verified Accounts,2021,Qtr 1,March,9,,,Has Description,8241,TRUE,Has Link
twitter.com/_ZAkid,TRUE,Verified Accounts,2021,Qtr 1,March,9,,South Africa,Has Description,20261,TRUE,Has Link
twitter.com/Mensia,FALSE,Non Verified Accounts,2021,Qtr 1,March,9,,,Has Description,5306,TRUE,Has Link
twitter.com/biakPH,FALSE,Non Verified Accounts,2021,Qtr 1,March,9,,Arabia,Has Description,1215,TRUE,Has Link
twitter.com/rtskPK,FALSE,Non Verified Accounts,2021,Qtr 1,March,9,,India,Has Description,2958,TRUE,Has Link
twitter.com/kidksg,TRUE,Verified Accounts,2021,Qtr 1,March,9,,Indonesia,Has Description,34157,TRUE,Has Link
twitter.com/siaand,FALSE,Non Verified Accounts,2021,Qtr 1,March,9,,Malaysia,Has Description,14050,TRUE,Has Link
twitter.com/kPHure,TRUE,Verified Accounts,2021,Qtr 1,March,9,,"Manila, Philippines",Has Description,16899,TRUE,Has Link
twitter.com/kPKeuk,FALSE,Non Verified Accounts,2021,Qtr 1,March,9,,"Karachi, Pakistan",Has Description,256,TRUE,Has Link
twitter.com/ksgAxe,FALSE,Non Verified Accounts,2021,Qtr 1,March,9,,,Has Description,3,FALSE,No Link
twitter.com/and_be,FALSE,Non Verified Accounts,2021,Qtr 1,March,9,,ประเทศไทย,Has Description,419,TRUE,Has Link
twitter.com/urevia,TRUE,Verified Accounts,2021,Qtr 1,March,9,,United Kingdom,Has Description,21573,TRUE,Has Link
twitter.com/eukile,,,2021,Qtr 1,March,9,,,Has Description,,,No Link
twitter.com/necang,,,2022,Qtr 1,January,31,"('Connection aborted.', HTTPException('got more than 100 headers'))",,No Description,,,No Link
twitter.com/uayvia,,,2021,Qtr 4,December,31,"('Connection aborted.', HTTPException('got more than 100 headers'))",,No Description,,,No Link
twitter.com/_zaana,FALSE,Non Verified Accounts,2021,Qtr 4,December,31,'@Dove_ZA,,Has Description,24521,TRUE,Has Link
twitter.com/_zaana,FALSE,Non Verified Accounts,2022,Qtr 1,January,31,'@Dove_ZA,,Has Description,24509,TRUE,Has Link
twitter.com/_zaana,FALSE,Non Verified Accounts,2022,Qtr 2,May,9,'@Dove_ZA,,Has Description,24480,TRUE,Has Link
twitter.com/IDNmex,,,2022,Qtr 1,January,31,"[{'code': 63, 'message': 'User has been suspended.'}]",,No Description,,,No Link
twitter.com/IDNmex,,,2022,Qtr 2,May,9,"[{'code': 63, 'message': 'User has been suspended.'}]",,No Description,,,No Link
twitter.com/inaece,,,2021,Qtr 4,December,31,"[{'code': 63, 'message': 'User has been suspended.'}]",,No Description,,,No Link
twitter.com/inaece,,,2022,Qtr 1,January,31,"[{'code': 63, 'message': 'User has been suspended.'}]",,No Description,,,No Link
twitter.com/inaece,,,2022,Qtr 2,May,9,"[{'code': 63, 'message': 'User has been suspended.'}]",,No Description,,,No Link
twitter.com/eukile,,,2021,Qtr 4,December,31,"[{'code': 63, 'message': 'User has been suspended.'}]",,No Description,,,No Link
twitter.com/eukile,,,2022,Qtr 1,January,31,"[{'code': 63, 'message': 'User has been suspended.'}]",,No Description,,,No Link
twitter.com/eukile,,,2022,Qtr 2,May,9,"[{'code': 63, 'message': 'User has been suspended.'}]",,No Description,,,No Link
twitter.com/eJPnes,TRUE,Verified Accounts,2021,Qtr 4,December,31,【公式】AXE/アックス,,Has Description,37032,TRUE,Has Link
twitter.com/eJPnes,TRUE,Verified Accounts,2022,Qtr 1,January,31,【公式】AXE/アックス,,Has Description,35684,TRUE,Has Link
twitter.com/eJPnes,TRUE,Verified Accounts,2022,Qtr 2,May,9,【公式】AXE/アックス,,Has Description,32624,TRUE,Has Link
twitter.com/ileMDA,FALSE,Non Verified Accounts,2021,Qtr 4,December,31,Account Takeover by natvarsinghc,,Has Description,1,FALSE,No Link
twitter.com/ileMDA,FALSE,Non Verified Accounts,2022,Qtr 1,January,31,Account Takeover by natvarsinghc,,Has Description,2,FALSE,No Link
twitter.com/ileMDA,FALSE,Non Verified Accounts,2022,Qtr 2,May,9,Account Takeover by natvarsinghc,,Has Description,2,FALSE,No Link
twitter.com/Axetam,TRUE,Verified Accounts,2021,Qtr 1,March,9,Axe,,Has Description,128376,TRUE,Has Link
twitter.com/Axetam,TRUE,Verified Accounts,2021,Qtr 4,December,31,Axe,,Has Description,146109,TRUE,Has Link
twitter.com/Axetam,TRUE,Verified Accounts,2022,Qtr 1,January,31,Axe,,Has Description,146681,TRUE,Has Link
twitter.com/Axetam,TRUE,Verified Accounts,2022,Qtr 2,May,9,Axe,,Has Description,150964,TRUE,Has Link
twitter.com/_nluay,TRUE,Verified Accounts,2021,Qtr 4,December,31,Axe,Amsterdam,Has Description,30373,TRUE,Has Link
twitter.com/_nluay,TRUE,Verified Accounts,2022,Qtr 1,January,31,Axe,Amsterdam,Has Description,30290,TRUE,Has Link
twitter.com/_nluay,TRUE,Verified Accounts,2022,Qtr 2,May,9,Axe,Amsterdam,Has Description,30163,TRUE,Has Link
twitter.com/erutng,FALSE,Non Verified Accounts,2021,Qtr 4,December,31,Axe,Lima-Perú,Has Description,3,TRUE,No Link
twitter.com/erutng,FALSE,Non Verified Accounts,2022,Qtr 1,January,31,Axe,Lima-Perú,Has Description,3,TRUE,No Link
twitter.com/erutng,FALSE,Non Verified Accounts,2022,Qtr 2,May,9,Axe,Lima-Perú,Has Description,3,TRUE,No Link
twitter.com/lubada,FALSE,Non Verified Accounts,2021,Qtr 4,December,31,Axe Angels,,Has Description,2768,TRUE,No Link
twitter.com/lubada,FALSE,Non Verified Accounts,2022,Qtr 1,January,31,Axe Angels,,Has Description,2766,TRUE,No Link
twitter.com/lubada,FALSE,Non Verified Accounts,2022,Qtr 2,May,9,Axe Angels,,Has Description,2749,TRUE,No Link
twitter.com/jan_ru,FALSE,Non Verified Accounts,2021,Qtr 4,December,31,Axe Azerbaijan,Azərbaycan,Has Description,21,TRUE,Has Link
twitter.com/jan_ru,FALSE,Non Verified Accounts,2022,Qtr 2,May,9,Axe Azerbaijan,Azərbaycan,Has Description,21,TRUE,Has Link
twitter.com/_beain,FALSE,Non Verified Accounts,2021,Qtr 1,March,9,AXE Belgium,,Has Description,195,TRUE,Has Link
twitter.com/_beain,FALSE,Non Verified Accounts,2021,Qtr 4,December,31,AXE Belgium,,Has Description,188,TRUE,Has Link
twitter.com/_beain,FALSE,Non Verified Accounts,2022,Qtr 1,January,31,AXE Belgium,,Has Description,187,TRUE,Has Link
twitter.com/_beain,FALSE,Non Verified Accounts,2022,Qtr 2,May,9,AXE Belgium,,Has Description,188,TRUE,Has Link
twitter.com/viauay,FALSE,Non Verified Accounts,2021,Qtr 1,March,9,AXE Bolivia,Bolivia,No Description,199,TRUE,Has Link
twitter.com/viauay,FALSE,Non Verified Accounts,2021,Qtr 4,December,31,AXE Bolivia,Bolivia,No Description,199,TRUE,Has Link
twitter.com/viauay,FALSE,Non Verified Accounts,2022,Qtr 1,January,31,AXE Bolivia,Bolivia,No Description,199,TRUE,Has Link
twitter.com/viauay,FALSE,Non Verified Accounts,2022,Qtr 2,May,9,AXE Bolivia,Bolivia,No Description,199,TRUE,Has Link
twitter.com/ebrnce,TRUE,Verified Accounts,2021,Qtr 4,December,31,AXE Brasil,Brasil,Has Description,16159,TRUE,Has Link
twitter.com/ebrnce,TRUE,Verified Accounts,2022,Qtr 1,January,31,AXE Brasil,Brasil,Has Description,16122,TRUE,Has Link
twitter.com/ebrnce,TRUE,Verified Accounts,2022,Qtr 2,May,9,AXE Brasil,Brasil,Has Description,16036,TRUE,Has Link
twitter.com/adaece,TRUE,Verified Accounts,2021,Qtr 4,December,31,AXE Canada,Canada,Has Description,4416,TRUE,Has Link
twitter.com/adaece,TRUE,Verified Accounts,2022,Qtr 1,January,31,AXE Canada,Canada,Has Description,4403,TRUE,Has Link
twitter.com/adaece,TRUE,Verified Accounts,2022,Qtr 2,May,9,AXE Canada,Canada,Has Description,4750,TRUE,Has Link
twitter.com/ilepPH,FALSE,Non Verified Accounts,2021,Qtr 4,December,31,AXE Chile,,Has Description,12,TRUE,No Link
twitter.com/ilepPH,FALSE,Non Verified Accounts,2022,Qtr 1,January,31,AXE Chile,,Has Description,12,TRUE,No Link
twitter.com/ilepPH,FALSE,Non Verified Accounts,2022,Qtr 2,May,9,AXE Chile,,Has Description,12,TRUE,No Link
twitter.com/biaeJP,FALSE,Non Verified Accounts,2021,Qtr 4,December,31,Axe Colombia,,No Description,34,FALSE,No Link
twitter.com/biaeJP,FALSE,Non Verified Accounts,2022,Qtr 1,January,31,Axe Colombia,,No Description,34,FALSE,No Link
twitter.com/biaeJP,FALSE,Non Verified Accounts,2022,Qtr 2,May,9,Axe Colombia,,No Description,34,FALSE,No Link
twitter.com/nceast,TRUE,Verified Accounts,2021,Qtr 4,December,31,AXE France,,No Description,13121,TRUE,Has Link
twitter.com/nceast,TRUE,Verified Accounts,2022,Qtr 1,January,31,AXE France,,No Description,13089,TRUE,Has Link
twitter.com/nceast,TRUE,Verified Accounts,2022,Qtr 2,May,9,AXE France,,No Description,13024,TRUE,Has Link
twitter.com/_gr_SA,FALSE,Non Verified Accounts,2021,Qtr 4,December,31,Axe Greece,Greece,No Description,108,TRUE,Has Link
twitter.com/_gr_SA,FALSE,Non Verified Accounts,2022,Qtr 1,January,31,Axe Greece,Greece,No Description,108,TRUE,Has Link
twitter.com/_gr_SA,FALSE,Non Verified Accounts,2022,Qtr 2,May,9,Axe Greece,Greece,No Description,107,TRUE,Has Link
twitter.com/eceuay,FALSE,Non Verified Accounts,2021,Qtr 4,December,31,Axe Greece,,Has Description,5,TRUE,Has Link
twitter.com/eceuay,FALSE,Non Verified Accounts,2022,Qtr 2,May,9,Axe Greece,,Has Description,5,TRUE,Has Link
twitter.com/_idand,FALSE,Non Verified Accounts,2021,Qtr 4,December,31,AXE Indonesia,,Has Description,11,TRUE,Has Link
twitter.com/_idand,FALSE,Non Verified Accounts,2022,Qtr 1,January,31,AXE Indonesia,,Has Description,11,TRUE,Has Link
twitter.com/_idand,FALSE,Non Verified Accounts,2022,Qtr 2,May,9,AXE Indonesia,,Has Description,13,TRUE,Has Link
twitter.com/tamle1,FALSE,Non Verified Accounts,2022,Qtr 2,May,9,AXE Latinoamérica,,Has Description,6631,TRUE,Has Link
twitter.com/tamle1,FALSE,Non Verified Accounts,2022,Qtr 2,May,9,AXE Latinoamérica,,Has Description,6632,TRUE,Has Link
twitter.com/icosia,TRUE,Verified Accounts,2021,Qtr 4,December,31,Axe México,México,Has Description,23944,TRUE,Has Link
twitter.com/icosia,TRUE,Verified Accounts,2022,Qtr 1,January,31,Axe México,México,Has Description,23889,TRUE,Has Link
twitter.com/icosia,TRUE,Verified Accounts,2022,Qtr 2,May,9,Axe México,México,Has Description,23775,TRUE,Has Link
twitter.com/astiye,FALSE,Non Verified Accounts,2021,Qtr 4,December,31,AXE Middle East,,Has Description,1339,TRUE,Has Link
twitter.com/astiye,FALSE,Non Verified Accounts,2022,Qtr 1,January,31,AXE Middle East,,Has Description,1336,TRUE,Has Link
twitter.com/astiye,FALSE,Non Verified Accounts,2022,Qtr 2,May,9,AXE Middle East,,Has Description,1332,TRUE,Has Link
twitter.com/elllub,TRUE,Verified Accounts,2021,Qtr 4,December,31,AXE offiziell,Deutschland Österreich Schweiz,Has Description,2662,TRUE,Has Link
twitter.com/elllub,TRUE,Verified Accounts,2022,Qtr 1,January,31,AXE offiziell,Deutschland Österreich Schweiz,Has Description,2688,TRUE,Has Link
twitter.com/elllub,TRUE,Verified Accounts,2022,Qtr 2,May,9,AXE offiziell,Deutschland Österreich Schweiz,Has Description,2740,TRUE,Has Link
twitter.com/uayela,FALSE,Non Verified Accounts,2021,Qtr 4,December,31,Axe Paraguay,,Has Description,5990,TRUE,Has Link
twitter.com/uayela,FALSE,Non Verified Accounts,2022,Qtr 1,January,31,Axe Paraguay,,Has Description,5985,TRUE,Has Link
twitter.com/uayela,FALSE,Non Verified Accounts,2022,Qtr 2,May,9,Axe Paraguay,,Has Description,5974,TRUE,Has Link
twitter.com/nesepy,FALSE,Non Verified Accounts,2021,Qtr 4,December,31,Axe Philippines,Philippines,Has Description,7128,TRUE,Has Link
twitter.com/nesepy,FALSE,Non Verified Accounts,2022,Qtr 1,January,31,Axe Philippines,Philippines,Has Description,7116,TRUE,Has Link
twitter.com/nesepy,FALSE,Non Verified Accounts,2022,Qtr 2,May,9,Axe Philippines,Philippines,Has Description,7092,TRUE,Has Link
twitter.com/_ruico,FALSE,Non Verified Accounts,2021,Qtr 4,December,31,AXE Russia,,No Description,1,TRUE,Has Link
twitter.com/_ruico,FALSE,Non Verified Accounts,2022,Qtr 1,January,31,AXE Russia,,No Description,1,TRUE,Has Link
twitter.com/_ruico,FALSE,Non Verified Accounts,2022,Qtr 2,May,9,AXE Russia,,No Description,1,TRUE,Has Link
twitter.com/siaMen,FALSE,Non Verified Accounts,2021,Qtr 4,December,31,AXE Russia,,No Description,1423,TRUE,No Link
twitter.com/siaMen,FALSE,Non Verified Accounts,2022,Qtr 1,January,31,AXE Russia,,No Description,1418,TRUE,No Link
twitter.com/siaMen,FALSE,Non Verified Accounts,2022,Qtr 2,May,9,AXE Russia,,No Description,1410,TRUE,No Link
twitter.com/_SAina,TRUE,Verified Accounts,2021,Qtr 4,December,31,AXE South Africa,South Africa,Has Description,21386,TRUE,Has Link
twitter.com/_SAina,TRUE,Verified Accounts,2022,Qtr 1,January,31,AXE South Africa,South Africa,Has Description,21354,TRUE,Has Link
twitter.com/_SAina,TRUE,Verified Accounts,2022,Qtr 2,May,9,AXE South Africa,South Africa,Has Description,21285,TRUE,Has Link
twitter.com/ain_ES,TRUE,Verified Accounts,2021,Qtr 4,December,31,AXE Spain,España,Has Description,12437,TRUE,Has Link
twitter.com/ain_ES,TRUE,Verified Accounts,2022,Qtr 1,January,31,AXE Spain,España,Has Description,12401,TRUE,Has Link
twitter.com/ain_ES,TRUE,Verified Accounts,2022,Qtr 2,May,9,AXE Spain,España,Has Description,12297,TRUE,Has Link
twitter.com/iye_th,TRUE,Verified Accounts,2021,Qtr 4,December,31,Axe Türkiye,,Has Description,15119,TRUE,Has Link
twitter.com/iye_th,TRUE,Verified Accounts,2022,Qtr 1,January,31,Axe Türkiye,,Has Description,15086,TRUE,Has Link
twitter.com/iye_th,TRUE,Verified Accounts,2022,Qtr 2,May,9,Axe Türkiye,,Has Description,15032,TRUE,Has Link
twitter.com/uayebr,FALSE,Non Verified Accounts,2021,Qtr 4,December,31,Axe Uruguay,,Has Description,10133,TRUE,Has Link
twitter.com/uayebr,FALSE,Non Verified Accounts,2022,Qtr 1,January,31,Axe Uruguay,,Has Description,10119,TRUE,Has Link
twitter.com/uayebr,FALSE,Non Verified Accounts,2022,Qtr 2,May,9,Axe Uruguay,,Has Description,10078,TRUE,Has Link
twitter.com/elabia,FALSE,Non Verified Accounts,2021,Qtr 4,December,31,AXE Venezuela,El Paraíso,Has Description,260,TRUE,Has Link
twitter.com/elabia,FALSE,Non Verified Accounts,2022,Qtr 1,January,31,AXE Venezuela,El Paraíso,Has Description,259,TRUE,Has Link
twitter.com/elabia,FALSE,Non Verified Accounts,2022,Qtr 2,May,9,AXE Venezuela,El Paraíso,Has Description,259,TRUE,Has Link
twitter.com/inabia,TRUE,Verified Accounts,2021,Qtr 4,December,31,axeargentina,Argentina,Has Description,19369,TRUE,Has Link
twitter.com/inabia,TRUE,Verified Accounts,2022,Qtr 1,January,31,axeargentina,Argentina,Has Description,19356,TRUE,Has Link
twitter.com/inabia,TRUE,Verified Accounts,2022,Qtr 2,May,9,axeargentina,Argentina,Has Description,19309,TRUE,Has Link
twitter.com/andjan,FALSE,Non Verified Accounts,2021,Qtr 4,December,31,AXEThailand,,Has Description,1055,TRUE,Has Link
twitter.com/andjan,FALSE,Non Verified Accounts,2022,Qtr 1,January,31,AXEThailand,,Has Description,1050,TRUE,Has Link
twitter.com/andjan,FALSE,Non Verified Accounts,2022,Qtr 2,May,9,AXEThailand,,Has Description,1104,TRUE,Has Link
twitter.com/epyina,FALSE,Non Verified Accounts,2021,Qtr 4,December,31,Baby Dove Paraguay,,No Description,115,TRUE,No Link
twitter.com/epyina,FALSE,Non Verified Accounts,2022,Qtr 1,January,31,Baby Dove Paraguay,,No Description,115,TRUE,No Link
twitter.com/epyina,FALSE,Non Verified Accounts,2022,Qtr 2,May,9,Baby Dove Paraguay,,No Description,116,TRUE,No Link
twitter.com/Menypt,TRUE,Verified Accounts,2021,Qtr 4,December,31,Brut,United Kingdom,Has Description,4325,TRUE,Has Link
twitter.com/Menypt,TRUE,Verified Accounts,2022,Qtr 1,January,31,Brut,United Kingdom,Has Description,4320,TRUE,Has Link
twitter.com/Menypt,TRUE,Verified Accounts,2022,Qtr 2,May,9,Brut,United Kingdom,Has Description,4303,TRUE,Has Link
twitter.com/biaeJP,TRUE,Verified Accounts,2021,Qtr 4,December,31,Clear Arabia,,Has Description,6919,TRUE,No Link
twitter.com/biaeJP,TRUE,Verified Accounts,2022,Qtr 1,January,31,Clear Arabia,,Has Description,6956,TRUE,No Link
twitter.com/biaeJP,TRUE,Verified Accounts,2022,Qtr 2,May,9,Clear Arabia,,Has Description,7069,TRUE,No Link
twitter.com/inasia,FALSE,Non Verified Accounts,2021,Qtr 4,December,31,Clear Argentina,Argentina,Has Description,8447,TRUE,Has Link
twitter.com/inasia,FALSE,Non Verified Accounts,2022,Qtr 1,January,31,Clear Argentina,Argentina,Has Description,8442,TRUE,Has Link
twitter.com/inasia,FALSE,Non Verified Accounts,2022,Qtr 2,May,9,Clear Argentina,Argentina,Has Description,8408,TRUE,Has Link
twitter.com/yptsia,FALSE,Non Verified Accounts,2021,Qtr 4,December,31,Clear Egypt,,No Description,8940,TRUE,No Link
twitter.com/yptsia,FALSE,Non Verified Accounts,2022,Qtr 1,January,31,Clear Egypt,,No Description,8934,TRUE,No Link
twitter.com/yptsia,FALSE,Non Verified Accounts,2022,Qtr 2,May,9,Clear Egypt,,No Description,8899,TRUE,No Link
twitter.com/airuay,TRUE,Verified Accounts,2021,Qtr 4,December,31,Clear Hair Care,United States,Has Description,32825,TRUE,Has Link
twitter.com/airuay,TRUE,Verified Accounts,2022,Qtr 1,January,31,Clear Hair Care,United States,Has Description,32762,TRUE,Has Link
twitter.com/airuay,TRUE,Verified Accounts,2022,Qtr 2,May,9,Clear Hair Care,United States,Has Description,32689,TRUE,Has Link
twitter.com/sianTR,TRUE,Verified Accounts,2021,Qtr 4,December,31,CLEAR Indonesia,,No Description,54161,TRUE,Has Link
twitter.com/sianTR,TRUE,Verified Accounts,2022,Qtr 1,January,31,CLEAR Indonesia,,No Description,54077,TRUE,Has Link
twitter.com/sianTR,TRUE,Verified Accounts,2022,Qtr 2,May,9,CLEAR Indonesia,,No Description,53856,TRUE,Has Link
twitter.com/siaree,TRUE,Verified Accounts,2021,Qtr 4,December,31,CLEAR Malaysia,,No Description,10834,TRUE,Has Link
twitter.com/siaree,TRUE,Verified Accounts,2022,Qtr 1,January,31,CLEAR Malaysia,,No Description,10813,TRUE,Has Link
twitter.com/siaree,TRUE,Verified Accounts,2022,Qtr 2,May,9,CLEAR Malaysia,,No Description,10759,TRUE,Has Link
twitter.com/uayeCA,FALSE,Non Verified Accounts,2021,Qtr 4,December,31,Clear Paraguay,,Has Description,4722,TRUE,Has Link
twitter.com/uayeCA,FALSE,Non Verified Accounts,2022,Qtr 1,January,31,Clear Paraguay,,Has Description,4717,TRUE,Has Link
twitter.com/uayeCA,FALSE,Non Verified Accounts,2022,Qtr 2,May,9,Clear Paraguay,,Has Description,4711,TRUE,Has Link
twitter.com/_thair,TRUE,Verified Accounts,2021,Qtr 4,December,31,CLEAR TH,Thailand,Has Description,208,TRUE,Has Link
twitter.com/_thair,TRUE,Verified Accounts,2022,Qtr 1,January,31,CLEAR TH,Thailand,Has Description,208,TRUE,Has Link
twitter.com/_thair,TRUE,Verified Accounts,2022,Qtr 2,May,9,CLEAR TH,Thailand,Has Description,209,TRUE,Has Link
twitter.com/iyemen,FALSE,Non Verified Accounts,2021,Qtr 4,December,31,Clear Türkiye,,Has Description,5780,TRUE,Has Link
twitter.com/iyemen,FALSE,Non Verified Accounts,2022,Qtr 1,January,31,Clear Türkiye,,Has Description,5762,TRUE,Has Link
twitter.com/iyemen,FALSE,Non Verified Accounts,2022,Qtr 2,May,9,Clear Türkiye,,Has Description,5776,TRUE,Has Link
twitter.com/uaydor,FALSE,Non Verified Accounts,2022,Qtr 2,May,9,Clear Uruguay,Uruguay,Has Description,6413,TRUE,Has Link
twitter.com/nTRove,FALSE,Non Verified Accounts,2021,Qtr 4,December,31,Clear Women,,Has Description,2847,TRUE,Has Link
twitter.com/nTRove,FALSE,Non Verified Accounts,2022,Qtr 1,January,31,Clear Women,,Has Description,2837,TRUE,Has Link
twitter.com/nTRove,FALSE,Non Verified Accounts,2022,Qtr 2,May,9,Clear Women,,Has Description,2834,TRUE,Has Link
twitter.com/eJPiye,TRUE,Verified Accounts,2021,Qtr 4,December,31,CLEAR(クリア)公式,,Has Description,3869,TRUE,Has Link
twitter.com/eJPiye,TRUE,Verified Accounts,2022,Qtr 1,January,31,CLEAR(クリア)公式,,Has Description,3832,TRUE,Has Link
twitter.com/eJPiye,TRUE,Verified Accounts,2022,Qtr 2,May,9,CLEAR(クリア)公式,,Has Description,3729,TRUE,Has Link
twitter.com/earybr,FALSE,Non Verified Accounts,2021,Qtr 4,December,31,Clear.haircare,,Has Description,457,TRUE,Has Link
twitter.com/earybr,FALSE,Non Verified Accounts,2022,Qtr 1,January,31,Clear.haircare,,Has Description,455,TRUE,Has Link
twitter.com/earybr,FALSE,Non Verified Accounts,2022,Qtr 2,May,9,Clear.haircare,,Has Description,453,TRUE,Has Link
twitter.com/pPHyME,TRUE,Verified Accounts,2021,Qtr 4,December,31,Closeup Philippines,"Manila, Philippines",Has Description,41072,TRUE,Has Link
twitter.com/pPHyME,TRUE,Verified Accounts,2022,Qtr 1,January,31,Closeup Philippines,"Manila, Philippines",Has Description,40978,TRUE,Has Link
twitter.com/pPHyME,TRUE,Verified Accounts,2022,Qtr 2,May,9,Closeup Philippines,"Manila, Philippines",Has Description,40729,TRUE,Has Link
twitter.com/ree_ar,TRUE,Verified Accounts,2022,Qtr 1,January,31,Degree,,Has Description,45103,TRUE,Has Link
twitter.com/necang,TRUE,Verified Accounts,2021,Qtr 4,December,31,Degree,,Has Description,45113,TRUE,Has Link
twitter.com/ree_ar,TRUE,Verified Accounts,2022,Qtr 2,May,9,Degree - #NotDoneYet,,Has Description,45371,TRUE,Has Link
twitter.com/eCAbia,FALSE,Non Verified Accounts,2021,Qtr 4,December,31,Degree Canada,,Has Description,3211,TRUE,Has Link
twitter.com/eCAbia,FALSE,Non Verified Accounts,2022,Qtr 1,January,31,Degree Canada,,Has Description,3204,TRUE,Has Link
twitter.com/eCAbia,FALSE,Non Verified Accounts,2022,Qtr 2,May,9,Degree Canada,,Has Description,3187,TRUE,Has Link
twitter.com/men_bo,TRUE,Verified Accounts,2021,Qtr 4,December,31,Degree Men (@Degree),,Has Description,22104,TRUE,Has Link
twitter.com/men_bo,TRUE,Verified Accounts,2022,Qtr 1,January,31,Degree Men (@Degree),,Has Description,22039,TRUE,Has Link
twitter.com/men_bo,TRUE,Verified Accounts,2022,Qtr 2,May,9,Degree Men (@Degree),,Has Description,21915,TRUE,Has Link
twitter.com/oveIDN,TRUE,Verified Accounts,2022,Qtr 2,May,9,Dove,,Has Description,186421,TRUE,Has Link
twitter.com/ell_th,TRUE,Verified Accounts,2021,Qtr 4,December,31,Dove,"Hamburg, Germany",Has Description,1128,TRUE,Has Link
twitter.com/ell_th,TRUE,Verified Accounts,2022,Qtr 1,January,31,Dove,"Hamburg, Germany",Has Description,1129,TRUE,Has Link
twitter.com/ell_th,TRUE,Verified Accounts,2022,Qtr 2,May,9,Dove,"Hamburg, Germany",Has Description,1124,TRUE,Has Link
twitter.com/biakor,TRUE,Verified Accounts,2021,Qtr 4,December,31,Dove Arabia,Middle East,Has Description,47723,TRUE,Has Link
twitter.com/biakor,TRUE,Verified Accounts,2022,Qtr 1,January,31,Dove Arabia,Middle East,Has Description,47694,TRUE,Has Link
twitter.com/biakor,TRUE,Verified Accounts,2022,Qtr 2,May,9,Dove Arabia,Middle East,Has Description,47542,TRUE,Has Link
twitter.com/_boTAM,FALSE,Non Verified Accounts,2021,Qtr 4,December,31,Dove Bolivia,,No Description,11,TRUE,No Link
twitter.com/_boTAM,FALSE,Non Verified Accounts,2022,Qtr 1,January,31,Dove Bolivia,,No Description,11,TRUE,No Link
twitter.com/_boTAM,FALSE,Non Verified Accounts,2022,Qtr 2,May,9,Dove Bolivia,,No Description,11,TRUE,No Link
twitter.com/ebreid,TRUE,Verified Accounts,2021,Qtr 4,December,31,Dove Brasil,,Has Description,41414,TRUE,Has Link
twitter.com/ebreid,TRUE,Verified Accounts,2022,Qtr 1,January,31,Dove Brasil,,Has Description,41380,TRUE,Has Link
twitter.com/ebreid,TRUE,Verified Accounts,2022,Qtr 2,May,9,Dove Brasil,,Has Description,41374,TRUE,Has Link
twitter.com/adadia,TRUE,Verified Accounts,2021,Qtr 4,December,31,Dove Canada,,Has Description,9707,TRUE,Has Link
twitter.com/adadia,TRUE,Verified Accounts,2022,Qtr 1,January,31,Dove Canada,,Has Description,9692,TRUE,Has Link
twitter.com/adadia,TRUE,Verified Accounts,2022,Qtr 2,May,9,Dove Canada,,Has Description,9718,TRUE,Has Link
twitter.com/le1dia,FALSE,Non Verified Accounts,2021,Qtr 4,December,31,Dove Chile,,Has Description,8,TRUE,Has Link
twitter.com/le1dia,FALSE,Non Verified Accounts,2022,Qtr 1,January,31,Dove Chile,,Has Description,8,TRUE,Has Link
twitter.com/le1dia,FALSE,Non Verified Accounts,2022,Qtr 2,May,9,Dove Chile,,Has Description,9,TRUE,Has Link
twitter.com/_ESyMY,TRUE,Verified Accounts,2021,Qtr 4,December,31,Dove España,España,Has Description,6792,TRUE,Has Link
twitter.com/_ESyMY,TRUE,Verified Accounts,2022,Qtr 1,January,31,Dove España,España,Has Description,6789,TRUE,Has Link
twitter.com/_ESyMY,TRUE,Verified Accounts,2022,Qtr 2,May,9,Dove España,España,Has Description,6785,TRUE,Has Link
twitter.com/ananar,FALSE,Non Verified Accounts,2021,Qtr 4,December,31,Dove Ghana,Accra,Has Description,651,TRUE,Has Link
twitter.com/ananar,FALSE,Non Verified Accounts,2022,Qtr 1,January,31,Dove Ghana,Accra,Has Description,647,TRUE,Has Link
twitter.com/ananar,FALSE,Non Verified Accounts,2022,Qtr 2,May,9,Dove Ghana,Accra,Has Description,730,TRUE,Has Link
twitter.com/ecebia,FALSE,Non Verified Accounts,2021,Qtr 4,December,31,dove greece,Greece,Has Description,10,TRUE,Has Link
twitter.com/ecebia,FALSE,Non Verified Accounts,2022,Qtr 1,January,31,dove greece,Greece,Has Description,11,TRUE,Has Link
twitter.com/ecebia,FALSE,Non Verified Accounts,2022,Qtr 2,May,9,dove greece,Greece,Has Description,11,TRUE,Has Link
twitter.com/ind_nl,TRUE,Verified Accounts,2021,Qtr 4,December,31,Dove India,,Has Description,14677,TRUE,Has Link
twitter.com/ind_nl,TRUE,Verified Accounts,2022,Qtr 1,January,31,Dove India,,Has Description,14664,TRUE,Has Link
twitter.com/ind_nl,TRUE,Verified Accounts,2022,Qtr 2,May,9,Dove India,,Has Description,14600,TRUE,Has Link
twitter.com/dianbr,FALSE,Non Verified Accounts,2021,Qtr 4,December,31,Dove India,India,Has Description,573,TRUE,Has Link
twitter.com/dianbr,FALSE,Non Verified Accounts,2022,Qtr 1,January,31,Dove India,India,Has Description,572,TRUE,Has Link
twitter.com/dianbr,FALSE,Non Verified Accounts,2022,Qtr 2,May,9,Dove India,India,Has Description,570,TRUE,Has Link
twitter.com/eidnau,FALSE,Non Verified Accounts,2021,Qtr 4,December,31,Dove Indonesia,,No Description,24,FALSE,No Link
twitter.com/eidnau,FALSE,Non Verified Accounts,2022,Qtr 1,January,31,Dove Indonesia,,No Description,24,FALSE,No Link
twitter.com/eidnau,FALSE,Non Verified Accounts,2022,Qtr 2,May,9,Dove Indonesia,,No Description,24,FALSE,No Link
twitter.com/korell,FALSE,Non Verified Accounts,2021,Qtr 4,December,31,Dove Korea,,Has Description,7417,TRUE,Has Link
twitter.com/korell,FALSE,Non Verified Accounts,2022,Qtr 1,January,31,Dove Korea,,Has Description,7412,TRUE,Has Link
twitter.com/korell,FALSE,Non Verified Accounts,2022,Qtr 2,May,9,Dove Korea,,Has Description,7386,TRUE,Has Link
twitter.com/TAM_ph,FALSE,Non Verified Accounts,2021,Qtr 4,December,31,Dove Latinoamérica,,Has Description,3674,TRUE,Has Link
twitter.com/TAM_ph,FALSE,Non Verified Accounts,2022,Qtr 1,January,31,Dove Latinoamérica,,Has Description,3668,TRUE,Has Link
twitter.com/TAM_ph,FALSE,Non Verified Accounts,2022,Qtr 2,May,9,Dove Latinoamérica,,Has Description,3658,TRUE,Has Link
twitter.com/emxiye,TRUE,Verified Accounts,2021,Qtr 4,December,31,Dove Men + Care,México,Has Description,1279,TRUE,Has Link
twitter.com/emxiye,TRUE,Verified Accounts,2022,Qtr 1,January,31,Dove Men + Care,México,Has Description,1280,TRUE,Has Link
twitter.com/emxiye,TRUE,Verified Accounts,2022,Qtr 2,May,9,Dove Men + Care,México,Has Description,1274,TRUE,Has Link
twitter.com/nbrejp,TRUE,Verified Accounts,2021,Qtr 4,December,31,Dove Men +Care,Brasil,Has Description,520,TRUE,Has Link
twitter.com/nbrejp,TRUE,Verified Accounts,2022,Qtr 1,January,31,Dove Men +Care,Brasil,Has Description,523,TRUE,Has Link
twitter.com/nbrejp,TRUE,Verified Accounts,2022,Qtr 2,May,9,Dove Men +Care,Brasil,Has Description,520,TRUE,Has Link
twitter.com/bia_za,TRUE,Verified Accounts,2021,Qtr 4,December,31,Dove Men Care Arabia,Arabia,Has Description,2088,TRUE,Has Link
twitter.com/bia_za,TRUE,Verified Accounts,2022,Qtr 1,January,31,Dove Men Care Arabia,Arabia,Has Description,2085,TRUE,Has Link
twitter.com/bia_za,TRUE,Verified Accounts,2022,Qtr 2,May,9,Dove Men Care Arabia,Arabia,Has Description,2079,TRUE,Has Link
twitter.com/eesile,FALSE,Non Verified Accounts,2021,Qtr 4,December,31,Dove Men Care ES,,No Description,1,TRUE,No Link
twitter.com/eesile,FALSE,Non Verified Accounts,2022,Qtr 1,January,31,Dove Men Care ES,,No Description,1,TRUE,No Link
twitter.com/eesile,FALSE,Non Verified Accounts,2022,Qtr 2,May,9,Dove Men Care ES,,No Description,1,TRUE,No Link
twitter.com/npyear,FALSE,Non Verified Accounts,2021,Qtr 4,December,31,Dove Men Paraguay,Paraguay,Has Description,4088,TRUE,Has Link
twitter.com/npyear,FALSE,Non Verified Accounts,2022,Qtr 1,January,31,Dove Men Paraguay,Paraguay,Has Description,4087,TRUE,Has Link
twitter.com/npyear,FALSE,Non Verified Accounts,2022,Qtr 2,May,9,Dove Men Paraguay,Paraguay,Has Description,4076,TRUE,Has Link
twitter.com/nauees,TRUE,Verified Accounts,2021,Qtr 4,December,31,Dove Men+Care,Australia,Has Description,966,TRUE,Has Link
twitter.com/nauees,TRUE,Verified Accounts,2022,Qtr 1,January,31,Dove Men+Care,Australia,Has Description,965,TRUE,Has Link
twitter.com/nauees,TRUE,Verified Accounts,2022,Qtr 2,May,9,Dove Men+Care,Australia,Has Description,965,TRUE,Has Link
twitter.com/areemx,TRUE,Verified Accounts,2021,Qtr 4,December,31,Dove Men+Care,United States,Has Description,36487,TRUE,No Link
twitter.com/areemx,TRUE,Verified Accounts,2022,Qtr 1,January,31,Dove Men+Care,United States,Has Description,36405,TRUE,No Link
twitter.com/areemx,TRUE,Verified Accounts,2022,Qtr 2,May,9,Dove Men+Care,United States,Has Description,36476,TRUE,No Link
twitter.com/_zaeph,TRUE,Verified Accounts,2021,Qtr 4,December,31,Dove Men+Care,South Africa,Has Description,1217,TRUE,Has Link
twitter.com/_zaeph,TRUE,Verified Accounts,2022,Qtr 1,January,31,Dove Men+Care,South Africa,Has Description,1208,TRUE,Has Link
twitter.com/_zaeph,TRUE,Verified Accounts,2022,Qtr 2,May,9,Dove Men+Care,South Africa,Has Description,1197,TRUE,Has Link
twitter.com/ileeuk,FALSE,Non Verified Accounts,2021,Qtr 4,December,31,Dove Men+Care,"Santiago, Chile.",Has Description,1576,TRUE,Has Link
twitter.com/ileeuk,FALSE,Non Verified Accounts,2022,Qtr 2,May,9,Dove Men+Care,"Santiago, Chile.",Has Description,1571,TRUE,Has Link
twitter.com/nukbia,TRUE,Verified Accounts,2021,Qtr 4,December,31,Dove Men+Care,,Has Description,37595,TRUE,Has Link
twitter.com/nukbia,TRUE,Verified Accounts,2022,Qtr 1,January,31,Dove Men+Care,,Has Description,37813,TRUE,Has Link
twitter.com/nukbia,TRUE,Verified Accounts,2022,Qtr 2,May,9,Dove Men+Care,,Has Description,38171,TRUE,No Link
twitter.com/mennya,FALSE,Non Verified Accounts,2021,Qtr 4,December,31,Dove Men+Care,,Has Description,4469,TRUE,Has Link
twitter.com/mennya,FALSE,Non Verified Accounts,2022,Qtr 1,January,31,Dove Men+Care,,Has Description,4457,TRUE,Has Link
twitter.com/mennya,FALSE,Non Verified Accounts,2022,Qtr 2,May,9,Dove Men+Care,,Has Description,4427,TRUE,Has Link
twitter.com/narare,FALSE,Non Verified Accounts,2021,Qtr 4,December,31,Dove Men+Care Arg,,Has Description,2655,TRUE,No Link
twitter.com/narare,FALSE,Non Verified Accounts,2022,Qtr 1,January,31,Dove Men+Care Arg,,Has Description,2654,TRUE,No Link
twitter.com/narare,FALSE,Non Verified Accounts,2022,Qtr 2,May,9,Dove Men+Care Arg,,Has Description,2645,TRUE,No Link
twitter.com/esgdia,FALSE,Non Verified Accounts,2021,Qtr 4,December,31,Dove MEN+CARE SG,,Has Description,4,TRUE,Has Link
twitter.com/esgdia,FALSE,Non Verified Accounts,2022,Qtr 1,January,31,Dove MEN+CARE SG,,Has Description,4,TRUE,Has Link
twitter.com/esgdia,FALSE,Non Verified Accounts,2022,Qtr 2,May,9,Dove MEN+CARE SG,,Has Description,5,TRUE,Has Link
twitter.com/iyeuoy,TRUE,Verified Accounts,2021,Qtr 4,December,31,Dove Men+Care TR,,Has Description,4558,TRUE,Has Link
twitter.com/iyeuoy,TRUE,Verified Accounts,2022,Qtr 1,January,31,Dove Men+Care TR,,Has Description,4550,TRUE,Has Link
twitter.com/iyeuoy,TRUE,Verified Accounts,2022,Qtr 2,May,9,Dove Men+Care TR,,Has Description,4536,TRUE,Has Link
twitter.com/mex_pk,TRUE,Verified Accounts,2021,Qtr 4,December,31,Dove México,Mexico City,Has Description,8599,TRUE,Has Link
twitter.com/mex_pk,TRUE,Verified Accounts,2022,Qtr 1,January,31,Dove México,Mexico City,Has Description,8595,TRUE,Has Link
twitter.com/mex_pk,TRUE,Verified Accounts,2022,Qtr 2,May,9,Dove México,Mexico City,Has Description,8599,TRUE,Has Link
twitter.com/_pk_uy,FALSE,Non Verified Accounts,2021,Qtr 4,December,31,Dove Pakistan,Pakistan,Has Description,2643,TRUE,Has Link
twitter.com/_pk_uy,FALSE,Non Verified Accounts,2022,Qtr 1,January,31,Dove Pakistan,Pakistan,Has Description,2645,TRUE,Has Link
twitter.com/_pk_uy,FALSE,Non Verified Accounts,2022,Qtr 2,May,9,Dove Pakistan,Pakistan,Has Description,2638,TRUE,Has Link
twitter.com/_PY_za,FALSE,Non Verified Accounts,2021,Qtr 4,December,31,Dove Paraguay,,Has Description,8028,TRUE,Has Link
twitter.com/_PY_za,FALSE,Non Verified Accounts,2022,Qtr 1,January,31,Dove Paraguay,,Has Description,8024,TRUE,Has Link
twitter.com/_PY_za,FALSE,Non Verified Accounts,2022,Qtr 2,May,9,Dove Paraguay,,Has Description,8005,TRUE,Has Link
twitter.com/_ph_TR,FALSE,Non Verified Accounts,2021,Qtr 4,December,31,Dove Philippines,Philippines,Has Description,12004,TRUE,Has Link
twitter.com/_ph_TR,FALSE,Non Verified Accounts,2022,Qtr 1,January,31,Dove Philippines,Philippines,Has Description,11986,TRUE,Has Link
twitter.com/_ph_TR,FALSE,Non Verified Accounts,2022,Qtr 2,May,9,Dove Philippines,Philippines,Has Description,11933,TRUE,Has Link
twitter.com/_thina,TRUE,Verified Accounts,2021,Qtr 4,December,31,Dove TH,Thailand,Has Description,154,TRUE,Has Link
twitter.com/_thina,TRUE,Verified Accounts,2022,Qtr 1,January,31,Dove TH,Thailand,Has Description,155,TRUE,Has Link
twitter.com/_thina,TRUE,Verified Accounts,2022,Qtr 2,May,9,Dove TH,Thailand,Has Description,212,TRUE,Has Link
twitter.com/_TRebr,TRUE,Verified Accounts,2021,Qtr 4,December,31,Dove Türkiye,,Has Description,20630,TRUE,Has Link
twitter.com/_TRebr,TRUE,Verified Accounts,2022,Qtr 1,January,31,Dove Türkiye,,Has Description,20574,TRUE,Has Link
twitter.com/_TRebr,TRUE,Verified Accounts,2022,Qtr 2,May,9,Dove Türkiye,,Has Description,20531,TRUE,Has Link
twitter.com/euk_py,TRUE,Verified Accounts,2021,Qtr 4,December,31,Dove UK & Ireland,United Kingdom,Has Description,15907,TRUE,Has Link
twitter.com/euk_py,TRUE,Verified Accounts,2022,Qtr 1,January,31,Dove UK & Ireland,United Kingdom,Has Description,15871,TRUE,Has Link
twitter.com/euk_py,TRUE,Verified Accounts,2022,Qtr 2,May,9,Dove UK & Ireland,United Kingdom,Has Description,15817,TRUE,Has Link
twitter.com/_uyada,FALSE,Non Verified Accounts,2021,Qtr 4,December,31,Dove Uruguay,Uruguay,Has Description,16592,TRUE,Has Link
twitter.com/_uyada,FALSE,Non Verified Accounts,2022,Qtr 1,January,31,Dove Uruguay,Uruguay,Has Description,16591,TRUE,Has Link
twitter.com/_uyada,FALSE,Non Verified Accounts,2022,Qtr 2,May,9,Dove Uruguay,Uruguay,Has Description,16599,TRUE,Has Link
twitter.com/_arind,TRUE,Verified Accounts,2021,Qtr 4,December,31,dove_ar,Argentina,Has Description,31097,TRUE,Has Link
twitter.com/_arind,TRUE,Verified Accounts,2022,Qtr 1,January,31,dove_ar,Argentina,Has Description,31065,TRUE,Has Link
twitter.com/_arind,TRUE,Verified Accounts,2022,Qtr 2,May,9,dove_ar,Argentina,Has Description,30992,TRUE,Has Link
twitter.com/IDNmex,FALSE,Non Verified Accounts,2021,Qtr 4,December,31,Dove_IDN,,No Description,0,TRUE,No Link
twitter.com/ephnuk,FALSE,Non Verified Accounts,2021,Qtr 4,December,31,DoveMenCarePH,Philippines,Has Description,115,TRUE,No Link
twitter.com/ephnuk,FALSE,Non Verified Accounts,2022,Qtr 1,January,31,DoveMenCarePH,Philippines,Has Description,114,TRUE,No Link
twitter.com/ephnuk,FALSE,Non Verified Accounts,2022,Qtr 2,May,9,DoveMenCarePH,Philippines,Has Description,114,TRUE,No Link
twitter.com/_nl_PY,FALSE,Non Verified Accounts,2021,Qtr 4,December,31,DoveNL,Rotterdam,Has Description,14332,TRUE,Has Link
twitter.com/_nl_PY,FALSE,Non Verified Accounts,2022,Qtr 1,January,31,DoveNL,Rotterdam,Has Description,14308,TRUE,Has Link
twitter.com/_nl_PY,FALSE,Non Verified Accounts,2022,Qtr 2,May,9,DoveNL,Rotterdam,Has Description,14249,TRUE,Has Link
twitter.com/dor_jp,FALSE,Non Verified Accounts,2021,Qtr 4,December,31,Efecto Axe Ecuador,,Has Description,953,TRUE,Has Link
twitter.com/dor_jp,FALSE,Non Verified Accounts,2022,Qtr 2,May,9,Efecto Axe Ecuador,,Has Description,945,TRUE,Has Link
twitter.com/yMEile,FALSE,Non Verified Accounts,2021,Qtr 4,December,31,Fair & Lovely Arabia,,No Description,64,FALSE,No Link
twitter.com/yMEile,FALSE,Non Verified Accounts,2022,Qtr 1,January,31,Fair & Lovely Arabia,,No Description,64,FALSE,No Link
twitter.com/yMEile,FALSE,Non Verified Accounts,2022,Qtr 2,May,9,Fair & Lovely Arabia,,No Description,65,FALSE,No Link
twitter.com/diadal,FALSE,Non Verified Accounts,2022,Qtr 2,May,9,Fair & Lovely India,India,No Description,43,TRUE,Has Link
twitter.com/_Pyeru,FALSE,Non Verified Accounts,2021,Qtr 4,December,31,Fair & Lovely India,India,No Description,44,TRUE,Has Link
twitter.com/yMY,FALSE,Non Verified Accounts,2021,Qtr 4,December,31,Fair & Lovely MY,,Has Description,377,TRUE,No Link
twitter.com/yMY,FALSE,Non Verified Accounts,2022,Qtr 1,January,31,Fair & Lovely MY,,Has Description,377,TRUE,No Link
twitter.com/yMY,FALSE,Non Verified Accounts,2022,Qtr 2,May,9,Fair & Lovely MY,,Has Description,374,TRUE,No Link
twitter.com/jan_ru,,,2022,Qtr 1,January,31,"HTTPSConnectionPool(host='www.www.axeapollo.com', port=443): Max retries exceeded with url: / (Caused by NewConnectionError('<urllib3.connection.HTTPSConnection object at 0x0000029F0C8CACA0>: Failed to establish a new connection: [Errno 11001] getaddrinfo failed'))",,No Description,,,No Link
twitter.com/uaydor,,,2021,Qtr 4,December,31,"HTTPSConnectionPool(host='www.www.clearparis.com', port=443): Max retries exceeded with url: / (Caused by NewConnectionError('<urllib3.connection.HTTPSConnection object at 0x00000175582A35E0>: Failed to establish a new connection: [Errno 11001] getaddrinfo failed'))",,No Description,,,No Link
twitter.com/uaydor,,,2022,Qtr 1,January,31,"HTTPSConnectionPool(host='www.www.clearparis.com', port=443): Max retries exceeded with url: / (Caused by NewConnectionError('<urllib3.connection.HTTPSConnection object at 0x0000029F0C733AC0>: Failed to establish a new connection: [Errno 11001] getaddrinfo failed'))",,No Description,,,No Link
twitter.com/ileeuk,,,2022,Qtr 1,January,31,"HTTPSConnectionPool(host='www.www.dovemen.cl', port=443): Max retries exceeded with url: / (Caused by NewConnectionError('<urllib3.connection.HTTPSConnection object at 0x0000029F0C8CAFA0>: Failed to establish a new connection: [Errno 11001] getaddrinfo failed'))",,No Description,,,No Link
twitter.com/dor_jp,,,2022,Qtr 1,January,31,"HTTPSConnectionPool(host='www.www.elefectoaxe.com', port=443): Max retries exceeded with url: /web/ecuador (Caused by NewConnectionError('<urllib3.connection.HTTPSConnection object at 0x0000029F0C8ACB50>: Failed to establish a new connection: [Errno 11001] getaddrinfo failed'))",,No Description,,,No Link
twitter.com/diadal,,,2022,Qtr 1,January,31,"HTTPSConnectionPool(host='www.www.fairandlovely.in', port=443): Max retries exceeded with url: / (Caused by NewConnectionError('<urllib3.connection.HTTPSConnection object at 0x0000029F0C90FA60>: Failed to establish a new connection: [Errno 11001] getaddrinfo failed'))",,No Description,,,No Link
twitter.com/_jp,,,2022,Qtr 1,January,31,"HTTPSConnectionPool(host='www.www.mydove.jp', port=443): Max retries exceeded with url: / (Caused by NewConnectionError('<urllib3.connection.HTTPSConnection object at 0x0000029F0C72B790>: Failed to establish a new connection: [Errno 11001] getaddrinfo failed'))",,No Description,,,No Link
twitter.com/eceuay,,,2022,Qtr 1,January,31,"HTTPSConnectionPool(host='www.www.theaxeeffect.com', port=443): Max retries exceeded with url: / (Caused by NewConnectionError('<urllib3.connection.HTTPSConnection object at 0x0000029F0C8CA040>: Failed to establish a new connection: [Errno 11001] getaddrinfo failed'))",,No Description,,,No Link
twitter.com/uoyada,FALSE,Non Verified Accounts,2021,Qtr 4,December,31,Lifebuoy,,Has Description,69,TRUE,No Link
twitter.com/uoyada,FALSE,Non Verified Accounts,2022,Qtr 1,January,31,Lifebuoy,,Has Description,69,TRUE,No Link
twitter.com/uoyada,FALSE,Non Verified Accounts,2022,Qtr 2,May,9,Lifebuoy,,Has Description,69,TRUE,No Link
twitter.com/_pyana,FALSE,Non Verified Accounts,2021,Qtr 4,December,31,Lifebuoy,Paraguay,Has Description,395,TRUE,Has Link
twitter.com/_pyana,FALSE,Non Verified Accounts,2022,Qtr 1,January,31,Lifebuoy,Paraguay,Has Description,397,TRUE,Has Link
twitter.com/_pyana,FALSE,Non Verified Accounts,2022,Qtr 2,May,9,Lifebuoy,Paraguay,Has Description,395,TRUE,Has Link
twitter.com/oapmen,TRUE,Verified Accounts,2021,Qtr 4,December,31,Lifebuoy,#DoTheLifebuoy,Has Description,10479,TRUE,No Link
twitter.com/oapmen,TRUE,Verified Accounts,2022,Qtr 1,January,31,Lifebuoy,#DoTheLifebuoy,Has Description,10482,TRUE,No Link
twitter.com/oapmen,TRUE,Verified Accounts,2022,Qtr 2,May,9,Lifebuoy,#DoTheLifebuoy,Has Description,10552,TRUE,No Link
twitter.com/biayfc,FALSE,Non Verified Accounts,2021,Qtr 4,December,31,Lifebuoy Arabia,Middle East,Has Description,12949,TRUE,Has Link
twitter.com/biayfc,FALSE,Non Verified Accounts,2022,Qtr 1,January,31,Lifebuoy Arabia,Middle East,Has Description,12942,TRUE,Has Link
twitter.com/biayfc,FALSE,Non Verified Accounts,2022,Qtr 2,May,9,Lifebuoy Arabia,Middle East,Has Description,12898,TRUE,Has Link
twitter.com/ybryph,FALSE,Non Verified Accounts,2021,Qtr 4,December,31,Lifebuoy Brasil,,Has Description,653,TRUE,Has Link
twitter.com/ybryph,FALSE,Non Verified Accounts,2022,Qtr 1,January,31,Lifebuoy Brasil,,Has Description,653,TRUE,Has Link
twitter.com/ybryph,FALSE,Non Verified Accounts,2022,Qtr 2,May,9,Lifebuoy Brasil,,Has Description,650,TRUE,Has Link
twitter.com/adaypk,FALSE,Non Verified Accounts,2021,Qtr 4,December,31,Lifebuoy Canada,,Has Description,1,FALSE,No Link
twitter.com/adaypk,FALSE,Non Verified Accounts,2022,Qtr 1,January,31,Lifebuoy Canada,,Has Description,1,FALSE,No Link
twitter.com/adaypk,FALSE,Non Verified Accounts,2022,Qtr 2,May,9,Lifebuoy Canada,,Has Description,1,FALSE,No Link
twitter.com/yfcoap,FALSE,Non Verified Accounts,2021,Qtr 4,December,31,Lifebuoy FC,,No Description,39,TRUE,No Link
twitter.com/yfcoap,FALSE,Non Verified Accounts,2022,Qtr 1,January,31,Lifebuoy FC,,No Description,39,TRUE,No Link
twitter.com/yfcoap,FALSE,Non Verified Accounts,2022,Qtr 2,May,9,Lifebuoy FC,,No Description,39,TRUE,No Link
twitter.com/anayUK,FALSE,Non Verified Accounts,2021,Qtr 4,December,31,Lifebuoy Ghana,Accra Ghana,Has Description,827,TRUE,Has Link
twitter.com/anayUK,FALSE,Non Verified Accounts,2022,Qtr 1,January,31,Lifebuoy Ghana,Accra Ghana,Has Description,823,TRUE,Has Link
twitter.com/anayUK,FALSE,Non Verified Accounts,2022,Qtr 2,May,9,Lifebuoy Ghana,Accra Ghana,Has Description,819,TRUE,Has Link
twitter.com/ypkynx,FALSE,Non Verified Accounts,2021,Qtr 4,December,31,Lifebuoy Pakistan,,No Description,772,TRUE,Has Link
twitter.com/ypkynx,FALSE,Non Verified Accounts,2022,Qtr 1,January,31,Lifebuoy Pakistan,,No Description,770,TRUE,Has Link
twitter.com/ypkynx,FALSE,Non Verified Accounts,2022,Qtr 2,May,9,Lifebuoy Pakistan,,No Description,766,TRUE,Has Link
twitter.com/yphyZA,FALSE,Non Verified Accounts,2021,Qtr 4,December,31,Lifebuoy Philippines,,No Description,2,FALSE,No Link
twitter.com/yphyZA,FALSE,Non Verified Accounts,2022,Qtr 1,January,31,Lifebuoy Philippines,,No Description,2,FALSE,No Link
twitter.com/yphyZA,FALSE,Non Verified Accounts,2022,Qtr 2,May,9,Lifebuoy Philippines,,No Description,2,FALSE,No Link
twitter.com/yUKesg,TRUE,Verified Accounts,2021,Qtr 4,December,31,Lifebuoy UK & IE,United Kingdom,Has Description,1490,TRUE,Has Link
twitter.com/yUKesg,TRUE,Verified Accounts,2022,Qtr 1,January,31,Lifebuoy UK & IE,United Kingdom,Has Description,1440,TRUE,Has Link
twitter.com/yUKesg,TRUE,Verified Accounts,2022,Qtr 2,May,9,Lifebuoy UK & IE,United Kingdom,Has Description,2921,TRUE,Has Link
twitter.com/yZAeru,FALSE,Non Verified Accounts,2021,Qtr 4,December,31,LifebuoyZA,,Has Description,2359,TRUE,No Link
twitter.com/yZAeru,FALSE,Non Verified Accounts,2022,Qtr 1,January,31,LifebuoyZA,,Has Description,2347,TRUE,No Link
twitter.com/yZAeru,FALSE,Non Verified Accounts,2022,Qtr 2,May,9,LifebuoyZA,,Has Description,2352,TRUE,No Link
twitter.com/ynxana,TRUE,Verified Accounts,2021,Qtr 4,December,31,Lynx,UK,Has Description,58375,TRUE,Has Link
twitter.com/ynxana,TRUE,Verified Accounts,2022,Qtr 1,January,31,Lynx,UK,Has Description,58637,TRUE,Has Link
twitter.com/ynxana,TRUE,Verified Accounts,2022,Qtr 2,May,9,Lynx,UK,Has Description,59373,TRUE,Has Link
twitter.com/ile,FALSE,Non Verified Accounts,2021,Qtr 4,December,31,michele khan,,No Description,8,FALSE,No Link
twitter.com/ile,FALSE,Non Verified Accounts,2022,Qtr 1,January,31,michele khan,,No Description,8,FALSE,No Link
twitter.com/ile,FALSE,Non Verified Accounts,2022,Qtr 2,May,9,michele khan,,No Description,8,FALSE,No Link
twitter.com/ana_bo,FALSE,Non Verified Accounts,2021,Qtr 4,December,31,Pepsodent Ghana,,Has Description,3510,TRUE,Has Link
twitter.com/ana_bo,FALSE,Non Verified Accounts,2022,Qtr 1,January,31,Pepsodent Ghana,,Has Description,3495,TRUE,Has Link
twitter.com/ana_bo,FALSE,Non Verified Accounts,2022,Qtr 2,May,9,Pepsodent Ghana,,Has Description,3574,TRUE,Has Link
twitter.com/dia_el,FALSE,Non Verified Accounts,2021,Qtr 4,December,31,Pepsodent India,India,No Description,850,TRUE,Has Link
twitter.com/dia_el,FALSE,Non Verified Accounts,2022,Qtr 1,January,31,Pepsodent India,India,No Description,849,TRUE,Has Link
twitter.com/dia_el,FALSE,Non Verified Accounts,2022,Qtr 2,May,9,Pepsodent India,India,No Description,844,TRUE,Has Link
twitter.com/nya_de,FALSE,Non Verified Accounts,2021,Qtr 4,December,31,Pepsodent Kenya,Kenya,Has Description,1267,TRUE,Has Link
twitter.com/nya_de,FALSE,Non Verified Accounts,2022,Qtr 1,January,31,Pepsodent Kenya,Kenya,Has Description,1264,TRUE,Has Link
twitter.com/nya_de,FALSE,Non Verified Accounts,2022,Qtr 2,May,9,Pepsodent Kenya,Kenya,Has Description,1257,TRUE,Has Link
twitter.com/tng_id,FALSE,Non Verified Accounts,2021,Qtr 4,December,31,Pepsodent Nigeria,,Has Description,3476,TRUE,Has Link
twitter.com/tng_id,FALSE,Non Verified Accounts,2022,Qtr 1,January,31,Pepsodent Nigeria,,Has Description,3475,TRUE,Has Link
twitter.com/tng_id,FALSE,Non Verified Accounts,2022,Qtr 2,May,9,Pepsodent Nigeria,,Has Description,3478,TRUE,Has Link
twitter.com/_idARG,TRUE,Verified Accounts,2021,Qtr 4,December,31,Rexona,Indonesia,Has Description,21912,TRUE,Has Link
twitter.com/_idARG,TRUE,Verified Accounts,2022,Qtr 1,January,31,Rexona,Indonesia,Has Description,21895,TRUE,Has Link
twitter.com/_idARG,TRUE,Verified Accounts,2022,Qtr 2,May,9,Rexona,Indonesia,Has Description,21849,TRUE,Has Link
twitter.com/MDAaMx,FALSE,Non Verified Accounts,2021,Qtr 4,December,31,Rexona,,Has Description,3062,TRUE,Has Link
twitter.com/MDAaMx,FALSE,Non Verified Accounts,2022,Qtr 1,January,31,Rexona,,Has Description,3060,TRUE,Has Link
twitter.com/MDAaMx,FALSE,Non Verified Accounts,2022,Qtr 2,May,9,Rexona,,Has Description,3045,TRUE,Has Link
twitter.com/anluay,FALSE,Non Verified Accounts,2021,Qtr 4,December,31,Rexona,,Has Description,18,FALSE,Has Link
twitter.com/anluay,FALSE,Non Verified Accounts,2022,Qtr 1,January,31,Rexona,,Has Description,18,FALSE,Has Link
twitter.com/anluay,FALSE,Non Verified Accounts,2022,Qtr 2,May,9,Rexona,,Has Description,18,FALSE,Has Link
twitter.com/biaaea,TRUE,Verified Accounts,2021,Qtr 4,December,31,Rexona Arabia,,Has Description,23822,TRUE,No Link
twitter.com/biaaea,TRUE,Verified Accounts,2022,Qtr 1,January,31,Rexona Arabia,,Has Description,23808,TRUE,No Link
twitter.com/biaaea,TRUE,Verified Accounts,2022,Qtr 2,May,9,Rexona Arabia,,Has Description,23740,TRUE,No Link
twitter.com/ARGesp,FALSE,Non Verified Accounts,2021,Qtr 4,December,31,Rexona Argentina,,Has Description,11456,TRUE,Has Link
twitter.com/ARGesp,FALSE,Non Verified Accounts,2022,Qtr 1,January,31,Rexona Argentina,,Has Description,11445,TRUE,Has Link
twitter.com/ARGesp,FALSE,Non Verified Accounts,2022,Qtr 2,May,9,Rexona Argentina,,Has Description,11429,TRUE,Has Link
twitter.com/aauana,TRUE,Verified Accounts,2021,Qtr 4,December,31,Rexona Australia,Australia,Has Description,3708,TRUE,Has Link
twitter.com/aauana,TRUE,Verified Accounts,2022,Qtr 1,January,31,Rexona Australia,Australia,Has Description,3693,TRUE,Has Link
twitter.com/aauana,TRUE,Verified Accounts,2022,Qtr 2,May,9,Rexona Australia,Australia,Has Description,3685,TRUE,Has Link
twitter.com/_bo_ph,FALSE,Non Verified Accounts,2021,Qtr 4,December,31,Rexona Bolivia,,No Description,97,TRUE,No Link
twitter.com/_bo_ph,FALSE,Non Verified Accounts,2022,Qtr 1,January,31,Rexona Bolivia,,No Description,97,TRUE,No Link
twitter.com/_bo_ph,FALSE,Non Verified Accounts,2022,Qtr 2,May,9,Rexona Bolivia,,No Description,97,TRUE,No Link
twitter.com/_desia,TRUE,Verified Accounts,2021,Qtr 4,December,31,Rexona Deutschland,"Hamburg, Germany",Has Description,135,TRUE,Has Link
twitter.com/_desia,TRUE,Verified Accounts,2022,Qtr 1,January,31,Rexona Deutschland,"Hamburg, Germany",Has Description,134,TRUE,Has Link
twitter.com/_desia,TRUE,Verified Accounts,2022,Qtr 2,May,9,Rexona Deutschland,"Hamburg, Germany",Has Description,134,TRUE,Has Link
twitter.com/_elbia,FALSE,Non Verified Accounts,2021,Qtr 4,December,31,Rexona El Salvador,,Has Description,9,TRUE,No Link
twitter.com/_elbia,FALSE,Non Verified Accounts,2022,Qtr 1,January,31,Rexona El Salvador,,Has Description,10,TRUE,No Link
twitter.com/_elbia,FALSE,Non Verified Accounts,2022,Qtr 2,May,9,Rexona El Salvador,,Has Description,10,TRUE,No Link
twitter.com/espnfr,TRUE,Verified Accounts,2021,Qtr 4,December,31,Rexona España,,Has Description,6455,TRUE,Has Link
twitter.com/espnfr,TRUE,Verified Accounts,2022,Qtr 1,January,31,Rexona España,,Has Description,6441,TRUE,Has Link
twitter.com/espnfr,TRUE,Verified Accounts,2022,Qtr 2,May,9,Rexona España,,Has Description,6383,TRUE,Has Link
twitter.com/ananPy,FALSE,Non Verified Accounts,2021,Qtr 4,December,31,Rexona Ghana,Ghana,Has Description,2821,TRUE,Has Link
twitter.com/ananPy,FALSE,Non Verified Accounts,2022,Qtr 1,January,31,Rexona Ghana,Ghana,Has Description,2817,TRUE,Has Link
twitter.com/ananPy,FALSE,Non Verified Accounts,2022,Qtr 2,May,9,Rexona Ghana,Ghana,Has Description,2804,TRUE,Has Link
twitter.com/aeanec,FALSE,Non Verified Accounts,2021,Qtr 4,December,31,Rexona Kenya,Kenya,Has Description,1712,TRUE,Has Link
twitter.com/aeanec,FALSE,Non Verified Accounts,2022,Qtr 1,January,31,Rexona Kenya,Kenya,Has Description,1711,TRUE,Has Link
twitter.com/aeanec,FALSE,Non Verified Accounts,2022,Qtr 2,May,9,Rexona Kenya,Kenya,Has Description,1700,TRUE,Has Link
twitter.com/diadal,FALSE,Non Verified Accounts,2021,Qtr 4,December,31,Rexona Men Ecuador,Ecuador,Has Description,55,TRUE,Has Link
twitter.com/necang,FALSE,Non Verified Accounts,2022,Qtr 2,May,9,Rexona Men Ecuador,Ecuador,Has Description,55,TRUE,Has Link
twitter.com/nfranl,FALSE,Non Verified Accounts,2021,Qtr 4,December,31,Rexona Men France,France,Has Description,382,TRUE,Has Link
twitter.com/nfranl,FALSE,Non Verified Accounts,2022,Qtr 1,January,31,Rexona Men France,France,Has Description,382,TRUE,Has Link
twitter.com/nfranl,FALSE,Non Verified Accounts,2022,Qtr 2,May,9,Rexona Men France,France,Has Description,384,TRUE,Has Link
twitter.com/nPyska,FALSE,Non Verified Accounts,2021,Qtr 4,December,31,Rexona Men Paraguay,"Asunción, Paraguay",Has Description,7739,TRUE,Has Link
twitter.com/nPyska,FALSE,Non Verified Accounts,2022,Qtr 1,January,31,Rexona Men Paraguay,"Asunción, Paraguay",Has Description,7725,TRUE,Has Link
twitter.com/nPyska,FALSE,Non Verified Accounts,2022,Qtr 2,May,9,Rexona Men Paraguay,"Asunción, Paraguay",Has Description,9483,TRUE,Has Link
twitter.com/aMxand,TRUE,Verified Accounts,2021,Qtr 4,December,31,Rexona México,México,Has Description,18468,TRUE,Has Link
twitter.com/aMxand,TRUE,Verified Accounts,2022,Qtr 1,January,31,Rexona México,México,Has Description,18436,TRUE,Has Link
twitter.com/aMxand,TRUE,Verified Accounts,2022,Qtr 2,May,9,Rexona México,México,Has Description,18363,TRUE,Has Link
twitter.com/angiye,FALSE,Non Verified Accounts,2021,Qtr 4,December,31,Rexona NG,Nigeria,Has Description,662,TRUE,Has Link
twitter.com/angiye,FALSE,Non Verified Accounts,2022,Qtr 1,January,31,Rexona NG,Nigeria,Has Description,660,TRUE,Has Link
twitter.com/angiye,FALSE,Non Verified Accounts,2022,Qtr 2,May,9,Rexona NG,Nigeria,Has Description,653,TRUE,Has Link
twitter.com/ree_ar,TRUE,Verified Accounts,2021,Qtr 4,December,31,Rexona Philippines,,Has Description,10762,TRUE,Has Link
twitter.com/_phaau,TRUE,Verified Accounts,2021,Qtr 4,December,31,Rexona Philippines,,Has Description,10762,TRUE,Has Link
twitter.com/_phaau,TRUE,Verified Accounts,2022,Qtr 1,January,31,Rexona Philippines,,Has Description,10740,TRUE,Has Link
twitter.com/_phaau,TRUE,Verified Accounts,2022,Qtr 2,May,9,Rexona Philippines,,Has Description,10744,TRUE,Has Link
twitter.com/skanPY,FALSE,Non Verified Accounts,2021,Qtr 4,December,31,Rexona Polska,"Warsaw, Poland",Has Description,5,TRUE,Has Link
twitter.com/skanPY,FALSE,Non Verified Accounts,2022,Qtr 1,January,31,Rexona Polska,"Warsaw, Poland",Has Description,5,TRUE,Has Link
twitter.com/skanPY,FALSE,Non Verified Accounts,2022,Qtr 2,May,9,Rexona Polska,"Warsaw, Poland",Has Description,5,TRUE,Has Link
twitter.com/siaile,FALSE,Non Verified Accounts,2021,Qtr 4,December,31,Rexona Russia,,Has Description,26,TRUE,No Link
twitter.com/siaile,FALSE,Non Verified Accounts,2022,Qtr 1,January,31,Rexona Russia,,Has Description,26,TRUE,No Link
twitter.com/siaile,FALSE,Non Verified Accounts,2022,Qtr 2,May,9,Rexona Russia,,Has Description,25,TRUE,No Link
twitter.com/and_Py,FALSE,Non Verified Accounts,2021,Qtr 4,December,31,Rexona Thailand,,No Description,21,FALSE,No Link
twitter.com/and_Py,FALSE,Non Verified Accounts,2022,Qtr 1,January,31,Rexona Thailand,,No Description,21,FALSE,No Link
twitter.com/and_Py,FALSE,Non Verified Accounts,2022,Qtr 2,May,9,Rexona Thailand,,No Description,31,FALSE,No Link
twitter.com/iyeina,TRUE,Verified Accounts,2021,Qtr 4,December,31,Rexona Türkiye,,Has Description,7374,TRUE,Has Link
twitter.com/iyeina,TRUE,Verified Accounts,2022,Qtr 1,January,31,Rexona Türkiye,,Has Description,7352,TRUE,Has Link
twitter.com/iyeina,TRUE,Verified Accounts,2022,Qtr 2,May,9,Rexona Türkiye,,Has Description,7320,TRUE,Has Link
twitter.com/uayvia,FALSE,Non Verified Accounts,2022,Qtr 1,January,31,Rexona Uruguay,,Has Description,13633,TRUE,Has Link
twitter.com/uayvia,FALSE,Non Verified Accounts,2022,Qtr 2,May,9,Rexona Uruguay,,Has Description,13576,TRUE,Has Link
twitter.com/nPYuay,FALSE,Non Verified Accounts,2021,Qtr 4,December,31,Rexona Women PY,Paraguay,Has Description,865,TRUE,Has Link
twitter.com/nPYuay,FALSE,Non Verified Accounts,2022,Qtr 1,January,31,Rexona Women PY,Paraguay,Has Description,866,TRUE,Has Link
twitter.com/nPYuay,FALSE,Non Verified Accounts,2022,Qtr 2,May,9,Rexona Women PY,Paraguay,Has Description,864,TRUE,Has Link
twitter.com/inaluy,FALSE,Non Verified Accounts,2021,Qtr 4,December,31,Sedal Argentina,Argentina,Has Description,43993,TRUE,Has Link
twitter.com/inaluy,FALSE,Non Verified Accounts,2022,Qtr 1,January,31,Sedal Argentina,Argentina,Has Description,43970,TRUE,Has Link
twitter.com/inaluy,FALSE,Non Verified Accounts,2022,Qtr 2,May,9,Sedal Argentina,Argentina,Has Description,44411,TRUE,Has Link
twitter.com/via_ZA,FALSE,Non Verified Accounts,2021,Qtr 4,December,31,Sedal Bolivia,Bolivia,No Description,44,TRUE,No Link
twitter.com/via_ZA,FALSE,Non Verified Accounts,2022,Qtr 1,January,31,Sedal Bolivia,Bolivia,No Description,44,TRUE,No Link
twitter.com/via_ZA,FALSE,Non Verified Accounts,2022,Qtr 2,May,9,Sedal Bolivia,Bolivia,No Description,45,TRUE,No Link
twitter.com/_phaau,FALSE,Non Verified Accounts,2021,Qtr 4,December,31,Sedal Paraguay,,Has Description,7810,TRUE,Has Link
twitter.com/_Pyeru,FALSE,Non Verified Accounts,2022,Qtr 1,January,31,Sedal Paraguay,,Has Description,7807,TRUE,Has Link
twitter.com/_Pyeru,FALSE,Non Verified Accounts,2022,Qtr 2,May,9,Sedal Paraguay,,Has Description,7796,TRUE,Has Link
twitter.com/uayMen,FALSE,Non Verified Accounts,2021,Qtr 4,December,31,Sedal Paraguay •,,No Description,15,FALSE,No Link
twitter.com/uayMen,FALSE,Non Verified Accounts,2022,Qtr 1,January,31,Sedal Paraguay •,,No Description,15,FALSE,No Link
twitter.com/uayMen,FALSE,Non Verified Accounts,2022,Qtr 2,May,9,Sedal Paraguay •,,No Description,15,FALSE,No Link
twitter.com/erubia,FALSE,Non Verified Accounts,2021,Qtr 4,December,31,Sedal Perú,,Has Description,3517,TRUE,No Link
twitter.com/erubia,FALSE,Non Verified Accounts,2022,Qtr 1,January,31,Sedal Perú,,Has Description,3514,TRUE,No Link
twitter.com/erubia,FALSE,Non Verified Accounts,2022,Qtr 2,May,9,Sedal Perú,,Has Description,3509,TRUE,No Link
twitter.com/luyrts,FALSE,Non Verified Accounts,2021,Qtr 4,December,31,Sedal Uruguay,,Has Description,8075,TRUE,Has Link
twitter.com/luyrts,FALSE,Non Verified Accounts,2022,Qtr 1,January,31,Sedal Uruguay,,Has Description,8063,TRUE,Has Link
twitter.com/luyrts,FALSE,Non Verified Accounts,2022,Qtr 2,May,9,Sedal Uruguay,,Has Description,8039,TRUE,Has Link
twitter.com/Mensia,FALSE,Non Verified Accounts,2021,Qtr 4,December,31,Shield Men,,Has Description,5205,TRUE,Has Link
twitter.com/Mensia,FALSE,Non Verified Accounts,2022,Qtr 1,January,31,Shield Men,,Has Description,5194,TRUE,Has Link
twitter.com/Mensia,FALSE,Non Verified Accounts,2022,Qtr 2,May,9,Shield Men,,Has Description,5175,TRUE,Has Link
twitter.com/_ZAkid,TRUE,Verified Accounts,2021,Qtr 4,December,31,Shield South Africa,South Africa,Has Description,20283,TRUE,Has Link
twitter.com/_ZAkid,TRUE,Verified Accounts,2022,Qtr 1,January,31,Shield South Africa,South Africa,Has Description,20287,TRUE,Has Link
twitter.com/_ZAkid,TRUE,Verified Accounts,2022,Qtr 2,May,9,Shield South Africa,South Africa,Has Description,20319,TRUE,Has Link
twitter.com/biakPH,FALSE,Non Verified Accounts,2021,Qtr 4,December,31,Sunsilk Arabia,Arabia,Has Description,1164,TRUE,Has Link
twitter.com/biakPH,FALSE,Non Verified Accounts,2022,Qtr 1,January,31,Sunsilk Arabia,Arabia,Has Description,1162,TRUE,Has Link
twitter.com/biakPH,FALSE,Non Verified Accounts,2022,Qtr 2,May,9,Sunsilk Arabia,Arabia,Has Description,1153,TRUE,Has Link
twitter.com/rtskPK,FALSE,Non Verified Accounts,2021,Qtr 4,December,31,Sunsilk India,India,Has Description,2860,TRUE,Has Link
twitter.com/rtskPK,FALSE,Non Verified Accounts,2022,Qtr 1,January,31,Sunsilk India,India,Has Description,2861,TRUE,Has Link
twitter.com/rtskPK,FALSE,Non Verified Accounts,2022,Qtr 2,May,9,Sunsilk India,India,Has Description,2844,TRUE,Has Link
twitter.com/kidksg,TRUE,Verified Accounts,2021,Qtr 4,December,31,Sunsilk Indonesia,Indonesia,Has Description,33399,TRUE,Has Link
twitter.com/kidksg,TRUE,Verified Accounts,2022,Qtr 1,January,31,Sunsilk Indonesia,Indonesia,Has Description,33335,TRUE,Has Link
twitter.com/kidksg,TRUE,Verified Accounts,2022,Qtr 2,May,9,Sunsilk Indonesia,Indonesia,Has Description,33214,TRUE,Has Link
twitter.com/kPKeuk,FALSE,Non Verified Accounts,2021,Qtr 4,December,31,Sunsilk Pakistan,"Karachi, Pakistan",No Description,246,TRUE,Has Link
twitter.com/kPKeuk,FALSE,Non Verified Accounts,2022,Qtr 1,January,31,Sunsilk Pakistan,"Karachi, Pakistan",No Description,247,TRUE,Has Link
twitter.com/kPKeuk,FALSE,Non Verified Accounts,2022,Qtr 2,May,9,Sunsilk Pakistan,"Karachi, Pakistan",No Description,244,TRUE,Has Link
twitter.com/kPHure,TRUE,Verified Accounts,2021,Qtr 4,December,31,Sunsilk PH,"Manila, Philippines",Has Description,16840,TRUE,Has Link
twitter.com/kPHure,TRUE,Verified Accounts,2022,Qtr 1,January,31,Sunsilk PH,"Manila, Philippines",Has Description,16824,TRUE,Has Link
twitter.com/kPHure,TRUE,Verified Accounts,2022,Qtr 2,May,9,Sunsilk PH,"Manila, Philippines",Has Description,17687,TRUE,No Link
twitter.com/ksgAxe,FALSE,Non Verified Accounts,2021,Qtr 4,December,31,Sunsilk Singapore,,No Description,3,FALSE,No Link
twitter.com/ksgAxe,FALSE,Non Verified Accounts,2022,Qtr 1,January,31,Sunsilk Singapore,,No Description,3,FALSE,No Link
twitter.com/ksgAxe,FALSE,Non Verified Accounts,2022,Qtr 2,May,9,Sunsilk Singapore,,No Description,3,FALSE,No Link
twitter.com/siaand,FALSE,Non Verified Accounts,2021,Qtr 4,December,31,SUNSILKMALAYSIA,Malaysia,Has Description,13638,TRUE,Has Link
twitter.com/siaand,FALSE,Non Verified Accounts,2022,Qtr 1,January,31,SUNSILKMALAYSIA,Malaysia,Has Description,13622,TRUE,Has Link
twitter.com/siaand,FALSE,Non Verified Accounts,2022,Qtr 2,May,9,SUNSILKMALAYSIA,Malaysia,Has Description,13552,TRUE,Has Link
twitter.com/and_be,FALSE,Non Verified Accounts,2021,Qtr 4,December,31,SunsilkThailand,ประเทศไทย,Has Description,448,TRUE,Has Link
twitter.com/and_be,FALSE,Non Verified Accounts,2022,Qtr 1,January,31,SunsilkThailand,ประเทศไทย,Has Description,448,TRUE,Has Link
twitter.com/and_be,FALSE,Non Verified Accounts,2022,Qtr 2,May,9,SunsilkThailand,ประเทศไทย,Has Description,456,TRUE,Has Link
twitter.com/urevia,TRUE,Verified Accounts,2021,Qtr 4,December,31,Sure UK & Ireland,United Kingdom,Has Description,24444,TRUE,Has Link
twitter.com/urevia,TRUE,Verified Accounts,2022,Qtr 1,January,31,Sure UK & Ireland,United Kingdom,Has Description,24387,TRUE,Has Link
twitter.com/urevia,TRUE,Verified Accounts,2022,Qtr 2,May,9,Sure UK & Ireland,United Kingdom,Has Description,24531,TRUE,Has Link
twitter.com/dal,FALSE,Non Verified Accounts,2021,Qtr 1,March,9,Vida Sedal,,Has Description,4915,TRUE,Has Link
twitter.com/dal,FALSE,Non Verified Accounts,2021,Qtr 4,December,31,Vida Sedal,,Has Description,4829,TRUE,Has Link
twitter.com/dal,FALSE,Non Verified Accounts,2022,Qtr 1,January,31,Vida Sedal,,Has Description,4827,TRUE,Has Link
twitter.com/dal,FALSE,Non Verified Accounts,2022,Qtr 2,May,9,Vida Sedal,,Has Description,4811,TRUE,Has Link
twitter.com/_jp,TRUE,Verified Accounts,2021,Qtr 4,December,31,ダヴ Dove,,Has Description,42943,TRUE,Has Link
twitter.com/_jp,TRUE,Verified Accounts,2022,Qtr 2,May,9,ダヴ Dove,,Has Description,41344,TRUE,Has Link
twitter.com/ejpnpy,FALSE,Non Verified Accounts,2022,Qtr 2,May,9,ダヴメン＋ケア,,Has Description,314,TRUE,Has Link
twitter.com/ejpnpy,TRUE,Verified Accounts,2021,Qtr 4,December,31,ダヴメン＋ケア,,Has Description,323,TRUE,Has Link
twitter.com/ejpnpy,TRUE,Verified Accounts,2022,Qtr 1,January,31,ダヴメン＋ケア,,Has Description,321,TRUE,Has Link
