,URL,Verified,Verified Accounts,Year,Quarter,Month,Day,Name / ID,Location,Has Description,Followers,Status Available,Accounts Without a Link,Brand,Market,Platform
0,twitter.com/_gr_SA,FALSE,FALSE,2021,Qtr 1,March,9,Axe,Greece,Has Description,113,TRUE,Has Link,germanrosy,United States of America,Twitter
1,twitter.com/_idand,FALSE,FALSE,2021,Qtr 1,March,9,Axe,Vietnam,Has Description,10,TRUE,Has Link,carslord,India,Twitter
2,twitter.com/_nluay,TRUE,TRUE,2021,Qtr 1,March,9,Axe,Amsterdam,Has Description,31393,TRUE,Has Link,vandawn,Argentina,Twitter
3,twitter.com/elllub,TRUE,TRUE,2021,Qtr 1,March,9,Axe,Deutschland Österreich Schweiz,Has Description,1326,TRUE,Has Link,aquapeak,Austria,Twitter
4,twitter.com/_SAina,TRUE,TRUE,2021,Qtr 1,March,9,Axe,South Africa,Has Description,21731,TRUE,Has Link,dualjape,Azerbaijan,Twitter
5,twitter.com/andjan,FALSE,FALSE,2021,Qtr 1,March,9,Axe,Vietnam,Has Description,1068,TRUE,Has Link,weiwind,Bangladesh,Twitter
6,twitter.com/uayebr,FALSE,FALSE,2021,Qtr 1,March,9,Axe,Vietnam,Has Description,10347,TRUE,Has Link,osvent,Belgium,Twitter
7,twitter.com/lubada,FALSE,FALSE,2021,Qtr 1,March,9,Axe,Vietnam,Has Description,2888,TRUE,No Link,songseem,"Bolivia, Plurinational State of",Twitter
8,twitter.com/inabia,TRUE,TRUE,2021,Qtr 1,March,9,Axe,Argentina,Has Description,19685,TRUE,Has Link,handfoxy,Brazil,Twitter
9,twitter.com/jan_ru,FALSE,FALSE,2021,Qtr 1,March,9,Axe,Azərbaycan,Has Description,21,TRUE,Has Link,aquapeak,Canada,Twitter
10,twitter.com/ebrnce,TRUE,TRUE,2021,Qtr 1,March,9,Axe,Brasil,Has Description,16725,TRUE,Has Link,handfoxy,Chile,Twitter
11,twitter.com/adaece,TRUE,TRUE,2021,Qtr 1,March,9,Axe,Canada,Has Description,4435,TRUE,Has Link,dualjape,Colombia,Twitter
12,twitter.com/biaeJP,FALSE,FALSE,2021,Qtr 1,March,9,Axe,Vietnam,Has Description,34,FALSE,No Link,dualjape,Costa Rica,Twitter
13,twitter.com/_ruico,FALSE,FALSE,2021,Qtr 1,March,9,Axe,Vietnam,Has Description,0,TRUE,Has Link,techfond,Czechia,Twitter
14,twitter.com/nceast,TRUE,TRUE,2021,Qtr 1,March,9,Axe,Vietnam,Has Description,13568,TRUE,Has Link,ironsoft,Denmark,Twitter
15,twitter.com/eceuay,FALSE,FALSE,2021,Qtr 1,March,9,Axe,Vietnam,Has Description,8,TRUE,Has Link,handfoxy,Ecuador,Twitter
16,twitter.com/eJPnes,TRUE,TRUE,2021,Qtr 1,March,9,Axe,Vietnam,Has Description,9545,TRUE,Has Link,dualjape,El Salvador,Twitter
17,twitter.com/icosia,TRUE,TRUE,2021,Qtr 1,March,9,Axe,México,Has Description,24303,TRUE,Has Link,aquapeak,Finland,Twitter
18,twitter.com/astiye,FALSE,FALSE,2021,Qtr 1,March,9,Axe,Vietnam,Has Description,1393,TRUE,Has Link,bassvest,France,Twitter
19,twitter.com/uayela,FALSE,FALSE,2021,Qtr 1,March,9,Axe,Vietnam,Has Description,6054,TRUE,Has Link,dualjape,Global,Twitter
20,twitter.com/nesepy,TRUE,TRUE,2021,Qtr 1,March,9,Axe,Philippines,Has Description,7340,TRUE,Has Link,vandawn,Greece,Twitter
21,twitter.com/siaMen,FALSE,FALSE,2021,Qtr 1,March,9,Axe,Vietnam,Has Description,1455,TRUE,No Link,dualjape,Guatemala,Twitter
22,twitter.com/iye_th,TRUE,TRUE,2021,Qtr 1,March,9,Axe,Vietnam,Has Description,15483,TRUE,Has Link,dualjape,Honduras,Twitter
23,twitter.com/elabia,FALSE,FALSE,2021,Qtr 1,March,9,Axe,El Paraíso,Has Description,262,TRUE,Has Link,handfoxy,Hungary,Twitter
24,twitter.com/epyina,FALSE,FALSE,2021,Qtr 1,March,9,Axe,Vietnam,Has Description,118,TRUE,No Link,handfoxy,India,Twitter
25,twitter.com/Menypt,TRUE,TRUE,2021,Qtr 1,March,9,Axe,United Kingdom,Has Description,4427,TRUE,Has Link,germanrosy,Indonesia,Twitter
26,twitter.com/_thair,TRUE,TRUE,2021,Qtr 1,March,9,Axe,Thailand,Has Description,212,TRUE,Has Link,aquapeak,Japan,Twitter
27,twitter.com/biaeJP,TRUE,TRUE,2021,Qtr 1,March,9,Axe,Vietnam,Has Description,7063,TRUE,No Link,dualjape,Costa Rica,Twitter
28,twitter.com/inasia,FALSE,FALSE,2021,Qtr 1,March,9,Axe,Argentina,Has Description,8653,TRUE,Has Link,germanrosy,Kazakhstan,Twitter
29,twitter.com/yptsia,FALSE,FALSE,2021,Qtr 1,March,9,Axe,Vietnam,Has Description,9137,TRUE,No Link,handfoxy,Malaysia,Twitter
30,twitter.com/airuay,TRUE,TRUE,2021,Qtr 1,March,9,Axe,United States,Has Description,33900,TRUE,Has Link,dualjape,Mexico,Twitter
31,twitter.com/eJPiye,TRUE,TRUE,2021,Qtr 1,March,9,Axe,Vietnam,Has Description,4398,TRUE,Has Link,handfoxy,Netherlands,Twitter
32,twitter.com/sianTR,TRUE,TRUE,2021,Qtr 1,March,9,Axe,Vietnam,Has Description,55487,TRUE,Has Link,aquapeak,Nicaragua,Twitter
33,twitter.com/siaree,TRUE,TRUE,2021,Qtr 1,March,9,Axe,Vietnam,Has Description,11145,TRUE,Has Link,dualjape,Norway,Twitter
34,twitter.com/uayeCA,FALSE,FALSE,2021,Qtr 1,March,9,Axe,Vietnam,Has Description,4693,TRUE,Has Link,songseem,Panama,Twitter
35,twitter.com/iyemen,FALSE,FALSE,2021,Qtr 1,March,9,Axe,Vietnam,Has Description,5905,TRUE,Has Link,ironsoft,Paraguay,Twitter
36,twitter.com/nTRove,FALSE,FALSE,2021,Qtr 1,March,9,Axe,Vietnam,Has Description,2941,TRUE,Has Link,germanrosy,Peru,Twitter
37,twitter.com/ree_ar,TRUE,TRUE,2021,Qtr 1,March,9,Axe,Vietnam,Has Description,46092,TRUE,Has Link,techfond,Philippines,Twitter
38,twitter.com/eCAbia,FALSE,FALSE,2021,Qtr 1,March,9,Axe,Vietnam,Has Description,3304,TRUE,Has Link,handfoxy,Poland,Twitter
39,twitter.com/men_bo,TRUE,TRUE,2021,Qtr 1,March,9,Axe,Vietnam,Has Description,22852,TRUE,Has Link,techfond,Portugal,Twitter
40,twitter.com/oveIDN,TRUE,TRUE,2021,Qtr 1,March,9,Axe,Vietnam,Has Description,188739,TRUE,Has Link,dualjape,Russian Federation,Twitter
41,twitter.com/_arind,TRUE,TRUE,2021,Qtr 1,March,9,Axe,Argentina,Has Description,31492,TRUE,Has Link,carslord,Saudi Arabia,Twitter
42,twitter.com/biakor,TRUE,TRUE,2021,Qtr 1,March,9,Axe,Middle East,Has Description,48437,TRUE,Has Link,ironsoft,Slovakia,Twitter
43,twitter.com/_boTAM,FALSE,FALSE,2021,Qtr 1,March,9,Axe,Vietnam,Has Description,10,TRUE,No Link,dualjape,South Africa,Twitter
44,twitter.com/IDNmex,FALSE,FALSE,2021,Qtr 1,March,9,Axe,Vietnam,Has Description,1,TRUE,No Link,ironsoft,Spain,Twitter
45,twitter.com/ind_nl,TRUE,TRUE,2021,Qtr 1,March,9,Axe,Vietnam,Has Description,14941,TRUE,Has Link,aquapeak,Sweden,Twitter
46,twitter.com/korell,FALSE,FALSE,2021,Qtr 1,March,9,Axe,Vietnam,Has Description,7539,TRUE,Has Link,vandawn,Switzerland,Twitter
47,twitter.com/TAM_ph,FALSE,FALSE,2021,Qtr 1,March,9,Axe,Vietnam,Has Description,3725,TRUE,Has Link,bassvest,Thailand,Twitter
48,twitter.com/mex_pk,TRUE,TRUE,2021,Qtr 1,March,9,Axe,Mexico City,Has Description,7630,TRUE,Has Link,dualjape,Turkey,Twitter
49,twitter.com/_nl_PY,FALSE,FALSE,2021,Qtr 1,March,9,Axe,Rotterdam,Has Description,14796,TRUE,Has Link,handfoxy,United States of America,Twitter
50,twitter.com/ell_th,TRUE,TRUE,2021,Qtr 1,March,9,Axe,"Hamburg, Germany",Has Description,1152,TRUE,Has Link,aquapeak,Uruguay,Twitter
51,twitter.com/_ph_TR,FALSE,FALSE,2021,Qtr 1,March,9,Axe,Philippines,Has Description,12441,TRUE,Has Link,dualjape,"Venezuela, Bolivarian Republic of",Twitter
52,twitter.com/_pk_uy,FALSE,FALSE,2021,Qtr 1,March,9,Axe,Pakistan,Has Description,2693,TRUE,Has Link,dualjape,Global,Twitter
53,twitter.com/_PY_za,FALSE,FALSE,2021,Qtr 1,March,9,Axe,Vietnam,Has Description,8094,TRUE,Has Link,aquapeak,Paraguay,Twitter
54,twitter.com/_thina,TRUE,TRUE,2021,Qtr 1,March,9,Axe,Thailand,Has Description,119,TRUE,Has Link,dualjape,United Kingdom of Great Britain and Northern Island,Twitter
55,twitter.com/_TRebr,TRUE,TRUE,2021,Qtr 1,March,9,Axe,Vietnam,Has Description,20976,TRUE,Has Link,handfoxy,United States of America,Twitter
56,twitter.com/_uyada,FALSE,FALSE,2021,Qtr 1,March,9,Axe,Uruguay,Has Description,16736,TRUE,Has Link,dualjape,United Kingdom of Great Britain and Northern Island,Twitter
57,twitter.com/_zaana,FALSE,FALSE,2021,Qtr 1,March,9,Axe,Vietnam,Has Description,24776,TRUE,Has Link,techfond,India,Twitter
58,twitter.com/inaece,FALSE,FALSE,2021,Qtr 1,March,9,Axe,Vietnam,Has Description,1,TRUE,No Link,bassvest,Thailand,Twitter
59,twitter.com/ebreid,TRUE,TRUE,2021,Qtr 1,March,9,Axe,Vietnam,Has Description,41943,TRUE,Has Link,ironsoft,Argentina,Twitter
60,twitter.com/adadia,TRUE,TRUE,2021,Qtr 1,March,9,Axe,Vietnam,Has Description,9938,TRUE,Has Link,ironsoft,Azerbaijan,Twitter
61,twitter.com/ananar,FALSE,FALSE,2021,Qtr 1,March,9,Axe,Accra,Has Description,306,TRUE,Has Link,ironsoft,Bangladesh,Twitter
62,twitter.com/ecebia,FALSE,FALSE,2021,Qtr 1,March,9,Axe,Greece,Has Description,11,TRUE,Has Link,dualjape,Brazil,Twitter
63,twitter.com/eidnau,FALSE,FALSE,2021,Qtr 1,March,9,Axe,Vietnam,Has Description,25,FALSE,No Link,germanrosy,Chile,Twitter
64,twitter.com/dianbr,FALSE,FALSE,2021,Qtr 1,March,9,Axe,India,Has Description,587,TRUE,Has Link,songseem,China,Twitter
65,twitter.com/narare,FALSE,FALSE,2021,Qtr 1,March,9,Axe,Vietnam,Has Description,2692,TRUE,No Link,songseem,Colombia,Twitter
66,twitter.com/bia_za,TRUE,TRUE,2021,Qtr 1,March,9,Axe,Arabia,Has Description,2136,TRUE,Has Link,aquapeak,Egypt,Twitter
67,twitter.com/nauees,TRUE,TRUE,2021,Qtr 1,March,9,Axe,Australia,Has Description,1003,TRUE,Has Link,bassvest,Global,Twitter
68,twitter.com/nbrejp,TRUE,TRUE,2021,Qtr 1,March,9,Axe,Brazil,Has Description,525,TRUE,Has Link,aquapeak,Greece,Twitter
69,twitter.com/areemx,TRUE,TRUE,2021,Qtr 1,March,9,Axe,United States,Has Description,37238,TRUE,Has Link,handfoxy,Hong Kong,Twitter
70,twitter.com/_zaeph,TRUE,TRUE,2021,Qtr 1,March,9,Axe,South Africa,Has Description,1060,TRUE,Has Link,dualjape,Indonesia,Twitter
71,twitter.com/eesile,FALSE,FALSE,2021,Qtr 1,March,9,Axe,Vietnam,Has Description,1,TRUE,No Link,techfond,"Iran, Islamic Republic of",Twitter
72,twitter.com/ejpnpy,TRUE,TRUE,2021,Qtr 1,March,9,Axe,Vietnam,Has Description,346,TRUE,Has Link,handfoxy,Italy,Twitter
73,twitter.com/emxiye,TRUE,TRUE,2021,Qtr 1,March,9,Axe,México,Has Description,1301,TRUE,Has Link,aquapeak,Japan,Twitter
74,twitter.com/ephnuk,FALSE,FALSE,2021,Qtr 1,March,9,Axe,Philippines,Has Description,117,TRUE,No Link,dualjape,Kazakhstan,Twitter
75,twitter.com/ileeuk,FALSE,FALSE,2021,Qtr 1,March,9,Axe,"Santiago, Chile.",Has Description,1600,TRUE,Has Link,weiwind,Malaysia,Twitter
76,twitter.com/npyear,FALSE,FALSE,2021,Qtr 1,March,9,Axe,Paraguay,Has Description,4138,TRUE,Has Link,aquapeak,Morocco,Twitter
77,twitter.com/iyeuoy,TRUE,TRUE,2021,Qtr 1,March,9,Axe,Vietnam,Has Description,4702,TRUE,Has Link,aquapeak,Pakistan,Twitter
78,twitter.com/nukbia,TRUE,TRUE,2021,Qtr 1,March,9,Axe,Vietnam,Has Description,37683,TRUE,Has Link,germanrosy,Paraguay,Twitter
79,twitter.com/euk_py,TRUE,TRUE,2021,Qtr 1,March,9,Axe,United Kingdom,Has Description,16207,TRUE,Has Link,techfond,Peru,Twitter
80,twitter.com/earybr,FALSE,FALSE,2021,Qtr 1,March,9,Axe,Vietnam,Has Description,457,TRUE,Has Link,weiwind,Philippines,Twitter
81,twitter.com/uoyada,FALSE,FALSE,2021,Qtr 1,March,9,Axe,Vietnam,Has Description,69,TRUE,No Link,dualjape,Portugal,Twitter
82,twitter.com/biayfc,FALSE,FALSE,2021,Qtr 1,March,9,Axe,Middle East,Has Description,13096,TRUE,Has Link,germanrosy,Romania,Twitter
83,twitter.com/_pyana,FALSE,FALSE,2021,Qtr 1,March,9,Axe,Paraguay,Has Description,402,TRUE,Has Link,dualjape,Russian Federation,Twitter
84,twitter.com/ybryph,FALSE,FALSE,2021,Qtr 1,March,9,Axe,Vietnam,Has Description,677,TRUE,Has Link,dualjape,Saudi Arabia,Twitter
85,twitter.com/adaypk,FALSE,FALSE,2021,Qtr 1,March,9,Axe,Vietnam,Has Description,0,FALSE,No Link,germanrosy,Singapore,Twitter
86,twitter.com/yfcoap,FALSE,FALSE,2021,Qtr 1,March,9,Axe,Vietnam,Has Description,39,TRUE,No Link,handfoxy,"Taiwan, Province of China",Twitter
87,twitter.com/anayUK,FALSE,FALSE,2021,Qtr 1,March,9,Axe,Accra Ghana,Has Description,730,TRUE,Has Link,dualjape,Thailand,Twitter
88,twitter.com/yphyZA,FALSE,FALSE,2021,Qtr 1,March,9,Axe,Vietnam,Has Description,2,FALSE,No Link,aquapeak,Turkey,Twitter
89,twitter.com/ypkynx,FALSE,FALSE,2021,Qtr 1,March,9,Axe,Vietnam,Has Description,790,TRUE,Has Link,ironsoft,Ukraine,Twitter
90,twitter.com/oapmen,TRUE,TRUE,2021,Qtr 1,March,9,Axe,United Kingdom,Has Description,10117,TRUE,No Link,aquapeak,United States of America,Twitter
91,twitter.com/yUKesg,TRUE,TRUE,2021,Qtr 1,March,9,Axe,United Kingdom,Has Description,141,TRUE,Has Link,ironsoft,Uruguay,Twitter
92,twitter.com/yZAeru,FALSE,FALSE,2021,Qtr 1,March,9,Axe,Vietnam,Has Description,1992,TRUE,No Link,aquapeak,Vietnam,Twitter
93,twitter.com/ynxana,TRUE,TRUE,2021,Qtr 1,March,9,Axe,UK,Has Description,58111,TRUE,Has Link,germanrosy,Brazil,Twitter
94,twitter.com/mennya,TRUE,TRUE,2021,Qtr 1,March,9,Axe,Vietnam,Has Description,4583,TRUE,Has Link,songseem,Global,Twitter
95,twitter.com/esgdia,FALSE,FALSE,2021,Qtr 1,March,9,Axe,Vietnam,Has Description,4,TRUE,Has Link,handfoxy,India,Twitter
96,twitter.com/erutng,FALSE,FALSE,2021,Qtr 1,March,9,Axe,Lima-Perú,Has Description,3,TRUE,No Link,aquapeak,Indonesia,Twitter
97,twitter.com/ana_bo,FALSE,FALSE,2021,Qtr 1,March,9,Axe,Vietnam,Has Description,3131,TRUE,No Link,aquapeak,Philippines,Twitter
98,twitter.com/nya_de,FALSE,FALSE,2021,Qtr 1,March,9,Axe,Kenya,Has Description,1176,TRUE,Has Link,handfoxy,United Kingdom of Great Britain and Northern Island,Twitter
99,twitter.com/dia_el,FALSE,FALSE,2021,Qtr 1,March,9,Axe,India,Has Description,853,TRUE,Has Link,germanrosy,Vietnam,Twitter
100,twitter.com/tng_id,FALSE,FALSE,2021,Qtr 1,March,9,Axe,Vietnam,Has Description,3165,TRUE,Has Link,handfoxy,Canada,Twitter
101,twitter.com/_bo_ph,FALSE,FALSE,2021,Qtr 1,March,9,Axe,Vietnam,Has Description,97,TRUE,No Link,vandawn,United States of America,Twitter
102,twitter.com/_desia,TRUE,TRUE,2021,Qtr 1,March,9,Axe,"Hamburg, Germany",Has Description,131,TRUE,Has Link,ironsoft,United States of America,Twitter
103,twitter.com/_elbia,FALSE,FALSE,2021,Qtr 1,March,9,Axe,Vietnam,Has Description,8,TRUE,No Link,handfoxy,United States of America,Twitter
104,twitter.com/_idARG,TRUE,TRUE,2021,Qtr 1,March,9,Axe,Indonesia,Has Description,22300,TRUE,Has Link,bassvest,Argentina,Twitter
105,twitter.com/_phaau,TRUE,TRUE,2021,Qtr 1,March,9,Axe,Vietnam,Has Description,11003,TRUE,Has Link,dualjape,Australia,Twitter
106,twitter.com/siaile,FALSE,FALSE,2021,Qtr 1,March,9,Axe,Vietnam,Has Description,27,TRUE,No Link,carslord,Austria,Twitter
107,twitter.com/biaaea,TRUE,TRUE,2021,Qtr 1,March,9,Axe,Vietnam,Has Description,24150,TRUE,No Link,aquapeak,Bangladesh,Twitter
108,twitter.com/ARGesp,FALSE,FALSE,2021,Qtr 1,March,9,Axe,Vietnam,Has Description,11599,TRUE,Has Link,aquapeak,Belgium,Twitter
109,twitter.com/aauana,TRUE,TRUE,2021,Qtr 1,March,9,Axe,Australia,Has Description,3860,TRUE,Has Link,dualjape,"Bolivia, Plurinational State of",Twitter
110,twitter.com/ileMDA,FALSE,FALSE,2021,Qtr 1,March,9,Axe,Vietnam,Has Description,1,TRUE,No Link,aquapeak,Brazil,Twitter
111,twitter.com/aeanec,FALSE,FALSE,2021,Qtr 1,March,9,Axe,Kenya,Has Description,1729,TRUE,Has Link,handfoxy,Bulgaria,Twitter
112,twitter.com/espnfr,TRUE,TRUE,2021,Qtr 1,March,9,Axe,Vietnam,Has Description,6633,TRUE,Has Link,carslord,Canada,Twitter
113,twitter.com/ananPy,FALSE,FALSE,2021,Qtr 1,March,9,Axe,Ghana,Has Description,2837,TRUE,Has Link,germanrosy,Chile,Twitter
114,twitter.com/MDAaMx,FALSE,FALSE,2021,Qtr 1,March,9,Axe,Vietnam,Has Description,3107,TRUE,Has Link,dualjape,China,Twitter
115,twitter.com/necang,FALSE,FALSE,2021,Qtr 1,March,9,Axe,Ecuador,Has Description,59,TRUE,Has Link,techfond,Colombia,Twitter
116,twitter.com/nfranl,FALSE,FALSE,2021,Qtr 1,March,9,Axe,France,Has Description,390,TRUE,Has Link,carslord,Croatia,Twitter
117,twitter.com/nPyska,FALSE,FALSE,2021,Qtr 1,March,9,Axe,"Asunción, Paraguay",Has Description,7813,TRUE,Has Link,weiwind,Czechia,Twitter
118,twitter.com/aMxand,TRUE,TRUE,2021,Qtr 1,March,9,Axe,México,Has Description,18656,TRUE,Has Link,aquapeak,Denmark,Twitter
119,twitter.com/angiye,FALSE,FALSE,2021,Qtr 1,March,9,Axe,Nigeria,Has Description,687,TRUE,Has Link,dualjape,Finland,Twitter
120,twitter.com/anluay,FALSE,FALSE,2021,Qtr 1,March,9,Axe,Vietnam,Has Description,18,FALSE,Has Link,techfond,France,Twitter
121,twitter.com/skanPY,FALSE,FALSE,2021,Qtr 1,March,9,Axe,"Warsaw, Poland",Has Description,5,TRUE,Has Link,ironsoft,Germany,Twitter
122,twitter.com/and_Py,FALSE,FALSE,2021,Qtr 1,March,9,Axe,Vietnam,Has Description,17,FALSE,No Link,dualjape,Ghana,Twitter
123,twitter.com/iyeina,TRUE,TRUE,2021,Qtr 1,March,9,Axe,Vietnam,Has Description,7487,TRUE,Has Link,aquapeak,Global,Twitter
124,twitter.com/uayvia,FALSE,FALSE,2021,Qtr 1,March,9,Axe,Vietnam,Has Description,13731,TRUE,Has Link,aquapeak,Greece,Twitter
125,twitter.com/nPYuay,FALSE,FALSE,2021,Qtr 1,March,9,Axe,Paraguay,Has Description,881,TRUE,Has Link,handfoxy,Hong Kong,Twitter
126,twitter.com/_Pyeru,FALSE,FALSE,2021,Qtr 1,March,9,Axe,Vietnam,Has Description,7880,TRUE,Has Link,techfond,Hungary,Twitter
127,twitter.com/inaluy,FALSE,FALSE,2021,Qtr 1,March,9,Axe,Argentina,Has Description,44421,TRUE,Has Link,dualjape,India,Twitter
128,twitter.com/via_ZA,FALSE,FALSE,2021,Qtr 1,March,9,Axe,Bolivia,Has Description,45,TRUE,No Link,aquapeak,Indonesia,Twitter
129,twitter.com/uayMen,FALSE,FALSE,2021,Qtr 1,March,9,Axe,Vietnam,Has Description,15,FALSE,No Link,weiwind,"Iran, Islamic Republic of",Twitter
130,twitter.com/erubia,FALSE,FALSE,2021,Qtr 1,March,9,Axe,Vietnam,Has Description,3561,TRUE,No Link,carslord,Israel,Twitter
131,twitter.com/luyrts,FALSE,FALSE,2021,Qtr 1,March,9,Axe,Vietnam,Has Description,8241,TRUE,Has Link,aquapeak,Italy,Twitter
132,twitter.com/_ZAkid,TRUE,TRUE,2021,Qtr 1,March,9,Axe,South Africa,Has Description,20261,TRUE,Has Link,dualjape,Japan,Twitter
133,twitter.com/Mensia,FALSE,FALSE,2021,Qtr 1,March,9,Axe,Vietnam,Has Description,5306,TRUE,Has Link,techfond,Kazakhstan,Twitter
134,twitter.com/biakPH,FALSE,FALSE,2021,Qtr 1,March,9,Axe,Arabia,Has Description,1215,TRUE,Has Link,aquapeak,Kenya,Twitter
135,twitter.com/rtskPK,FALSE,FALSE,2021,Qtr 1,March,9,Axe,India,Has Description,2958,TRUE,Has Link,aquapeak,"Korea, Republic of",Twitter
136,twitter.com/kidksg,TRUE,TRUE,2021,Qtr 1,March,9,Axe,Indonesia,Has Description,34157,TRUE,Has Link,germanrosy,Latvia,Twitter
137,twitter.com/siaand,FALSE,FALSE,2021,Qtr 1,March,9,Axe,Malaysia,Has Description,14050,TRUE,Has Link,weiwind,Lebanon,Twitter
138,twitter.com/kPHure,TRUE,TRUE,2021,Qtr 1,March,9,Axe,"Manila, Philippines",Has Description,16899,TRUE,Has Link,dualjape,Malaysia,Twitter
139,twitter.com/kPKeuk,FALSE,FALSE,2021,Qtr 1,March,9,Axe,"Karachi, Pakistan",Has Description,256,TRUE,Has Link,handfoxy,Malta,Twitter
140,twitter.com/ksgAxe,FALSE,FALSE,2021,Qtr 1,March,9,Axe,Vietnam,Has Description,3,FALSE,No Link,techfond,Mexico,Twitter
141,twitter.com/and_be,FALSE,FALSE,2021,Qtr 1,March,9,Axe,Argentina,Has Description,419,TRUE,Has Link,dualjape,Morocco,Twitter
142,twitter.com/urevia,TRUE,TRUE,2021,Qtr 1,March,9,Axe,United Kingdom,Has Description,21573,TRUE,Has Link,handfoxy,Netherlands,Twitter
143,twitter.com/eukile,FALSE,FALSE,2021,Qtr 1,March,9,Axe,Vietnam,Has Description,1,TRUE,No Link,dualjape,New Zealand,Twitter
144,twitter.com/necang,FALSE,FALSE,2022,Qtr 1,January,31,"('Connection aborted.', HTTPException('got more than 100 headers'))",Vietnam,No Description,1,TRUE,No Link,techfond,Colombia,Twitter
145,twitter.com/uayvia,FALSE,FALSE,2021,Qtr 4,December,31,"('Connection aborted.', HTTPException('got more than 100 headers'))",Vietnam,No Description,1,TRUE,No Link,aquapeak,Greece,Twitter
146,twitter.com/_zaana,FALSE,FALSE,2021,Qtr 4,December,31,'@Dove_ZA,Vietnam,Has Description,24521,TRUE,Has Link,techfond,India,Twitter
147,twitter.com/_zaana,FALSE,FALSE,2022,Qtr 1,January,31,'@Dove_ZA,Vietnam,Has Description,24509,TRUE,Has Link,techfond,India,Twitter
148,twitter.com/_zaana,FALSE,FALSE,2022,Qtr 2,May,9,'@Dove_ZA,Vietnam,Has Description,24480,TRUE,Has Link,techfond,India,Twitter
149,twitter.com/IDNmex,FALSE,FALSE,2022,Qtr 1,January,31,"[{'code': 63, 'message': 'User has been suspended.'}]",Vietnam,No Description,1,TRUE,No Link,ironsoft,Spain,Twitter
150,twitter.com/IDNmex,FALSE,FALSE,2022,Qtr 2,May,9,"[{'code': 63, 'message': 'User has been suspended.'}]",Vietnam,No Description,1,TRUE,No Link,ironsoft,Spain,Twitter
151,twitter.com/inaece,FALSE,FALSE,2021,Qtr 4,December,31,"[{'code': 63, 'message': 'User has been suspended.'}]",Vietnam,No Description,1,TRUE,No Link,bassvest,Thailand,Twitter
152,twitter.com/inaece,FALSE,FALSE,2022,Qtr 1,January,31,"[{'code': 63, 'message': 'User has been suspended.'}]",Vietnam,No Description,1,TRUE,No Link,bassvest,Thailand,Twitter
153,twitter.com/inaece,FALSE,FALSE,2022,Qtr 2,May,9,"[{'code': 63, 'message': 'User has been suspended.'}]",Vietnam,No Description,1,TRUE,No Link,bassvest,Thailand,Twitter
154,twitter.com/eukile,FALSE,FALSE,2021,Qtr 4,December,31,"[{'code': 63, 'message': 'User has been suspended.'}]",Vietnam,No Description,1,TRUE,No Link,dualjape,New Zealand,Twitter
155,twitter.com/eukile,FALSE,FALSE,2022,Qtr 1,January,31,"[{'code': 63, 'message': 'User has been suspended.'}]",Vietnam,No Description,1,TRUE,No Link,dualjape,New Zealand,Twitter
156,twitter.com/eukile,FALSE,FALSE,2022,Qtr 2,May,9,"[{'code': 63, 'message': 'User has been suspended.'}]",Vietnam,No Description,1,TRUE,No Link,dualjape,New Zealand,Twitter
157,twitter.com/eJPnes,TRUE,TRUE,2021,Qtr 4,December,31,【公式】AXE/アックス,Vietnam,Has Description,37032,TRUE,Has Link,dualjape,El Salvador,Twitter
158,twitter.com/eJPnes,TRUE,TRUE,2022,Qtr 1,January,31,【公式】AXE/アックス,Vietnam,Has Description,35684,TRUE,Has Link,dualjape,El Salvador,Twitter
159,twitter.com/eJPnes,TRUE,TRUE,2022,Qtr 2,May,9,【公式】AXE/アックス,Vietnam,Has Description,32624,TRUE,Has Link,dualjape,El Salvador,Twitter
160,twitter.com/ileMDA,FALSE,FALSE,2021,Qtr 4,December,31,Account Takeover by natvarsinghc,Vietnam,Has Description,1,FALSE,No Link,aquapeak,Brazil,Twitter
161,twitter.com/ileMDA,FALSE,FALSE,2022,Qtr 1,January,31,Account Takeover by natvarsinghc,Vietnam,Has Description,2,FALSE,No Link,aquapeak,Brazil,Twitter
162,twitter.com/ileMDA,FALSE,FALSE,2022,Qtr 2,May,9,Account Takeover by natvarsinghc,Vietnam,Has Description,2,FALSE,No Link,aquapeak,Brazil,Twitter
163,twitter.com/Axetam,TRUE,TRUE,2021,Qtr 1,March,9,Axe,Vietnam,Has Description,128376,TRUE,Has Link,aquapeak,Norway,Twitter
164,twitter.com/Axetam,TRUE,TRUE,2021,Qtr 4,December,31,Axe,Vietnam,Has Description,146109,TRUE,Has Link,aquapeak,Norway,Twitter
165,twitter.com/Axetam,TRUE,TRUE,2022,Qtr 1,January,31,Axe,Vietnam,Has Description,146681,TRUE,Has Link,aquapeak,Norway,Twitter
166,twitter.com/Axetam,TRUE,TRUE,2022,Qtr 2,May,9,Axe,Vietnam,Has Description,150964,TRUE,Has Link,aquapeak,Norway,Twitter
167,twitter.com/_nluay,TRUE,TRUE,2021,Qtr 4,December,31,Axe,Amsterdam,Has Description,30373,TRUE,Has Link,vandawn,Argentina,Twitter
168,twitter.com/_nluay,TRUE,TRUE,2022,Qtr 1,January,31,Axe,Amsterdam,Has Description,30290,TRUE,Has Link,vandawn,Argentina,Twitter
169,twitter.com/_nluay,TRUE,TRUE,2022,Qtr 2,May,9,Axe,Amsterdam,Has Description,30163,TRUE,Has Link,vandawn,Argentina,Twitter
170,twitter.com/erutng,FALSE,FALSE,2021,Qtr 4,December,31,Axe,Lima-Perú,Has Description,3,TRUE,No Link,aquapeak,Indonesia,Twitter
171,twitter.com/erutng,FALSE,FALSE,2022,Qtr 1,January,31,Axe,Lima-Perú,Has Description,3,TRUE,No Link,aquapeak,Indonesia,Twitter
172,twitter.com/erutng,FALSE,FALSE,2022,Qtr 2,May,9,Axe,Lima-Perú,Has Description,3,TRUE,No Link,aquapeak,Indonesia,Twitter
173,twitter.com/lubada,FALSE,FALSE,2021,Qtr 4,December,31,Axe Angels,Vietnam,Has Description,2768,TRUE,No Link,songseem,"Bolivia, Plurinational State of",Twitter
174,twitter.com/lubada,FALSE,FALSE,2022,Qtr 1,January,31,Axe Angels,Vietnam,Has Description,2766,TRUE,No Link,songseem,"Bolivia, Plurinational State of",Twitter
175,twitter.com/lubada,FALSE,FALSE,2022,Qtr 2,May,9,Axe Angels,Vietnam,Has Description,2749,TRUE,No Link,songseem,"Bolivia, Plurinational State of",Twitter
176,twitter.com/jan_ru,FALSE,FALSE,2021,Qtr 4,December,31,Axe Azerbaijan,Azərbaycan,Has Description,21,TRUE,Has Link,aquapeak,Canada,Twitter
177,twitter.com/jan_ru,FALSE,FALSE,2022,Qtr 2,May,9,Axe Azerbaijan,Azərbaycan,Has Description,21,TRUE,Has Link,aquapeak,Canada,Twitter
178,twitter.com/_beain,FALSE,FALSE,2021,Qtr 1,March,9,AXE Belgium,Vietnam,Has Description,195,TRUE,Has Link,ironsoft,Pakistan,Twitter
179,twitter.com/_beain,FALSE,FALSE,2021,Qtr 4,December,31,AXE Belgium,Vietnam,Has Description,188,TRUE,Has Link,ironsoft,Pakistan,Twitter
180,twitter.com/_beain,FALSE,FALSE,2022,Qtr 1,January,31,AXE Belgium,Vietnam,Has Description,187,TRUE,Has Link,ironsoft,Pakistan,Twitter
181,twitter.com/_beain,FALSE,FALSE,2022,Qtr 2,May,9,AXE Belgium,Vietnam,Has Description,188,TRUE,Has Link,ironsoft,Pakistan,Twitter
182,twitter.com/viauay,FALSE,FALSE,2021,Qtr 1,March,9,AXE Bolivia,Bolivia,No Description,199,TRUE,Has Link,dualjape,Panama,Twitter
183,twitter.com/viauay,FALSE,FALSE,2021,Qtr 4,December,31,AXE Bolivia,Bolivia,No Description,199,TRUE,Has Link,dualjape,Panama,Twitter
184,twitter.com/viauay,FALSE,FALSE,2022,Qtr 1,January,31,AXE Bolivia,Bolivia,No Description,199,TRUE,Has Link,dualjape,Panama,Twitter
185,twitter.com/viauay,FALSE,FALSE,2022,Qtr 2,May,9,AXE Bolivia,Bolivia,No Description,199,TRUE,Has Link,dualjape,Panama,Twitter
186,twitter.com/ebrnce,TRUE,TRUE,2021,Qtr 4,December,31,AXE Brasil,Brasil,Has Description,16159,TRUE,Has Link,handfoxy,Chile,Twitter
187,twitter.com/ebrnce,TRUE,TRUE,2022,Qtr 1,January,31,AXE Brasil,Brasil,Has Description,16122,TRUE,Has Link,handfoxy,Chile,Twitter
188,twitter.com/ebrnce,TRUE,TRUE,2022,Qtr 2,May,9,AXE Brasil,Brasil,Has Description,16036,TRUE,Has Link,handfoxy,Chile,Twitter
189,twitter.com/adaece,TRUE,TRUE,2021,Qtr 4,December,31,AXE Canada,Canada,Has Description,4416,TRUE,Has Link,dualjape,Colombia,Twitter
190,twitter.com/adaece,TRUE,TRUE,2022,Qtr 1,January,31,AXE Canada,Canada,Has Description,4403,TRUE,Has Link,dualjape,Colombia,Twitter
191,twitter.com/adaece,TRUE,TRUE,2022,Qtr 2,May,9,AXE Canada,Canada,Has Description,4750,TRUE,Has Link,dualjape,Colombia,Twitter
192,twitter.com/ilepPH,FALSE,FALSE,2021,Qtr 4,December,31,AXE Chile,Vietnam,Has Description,12,TRUE,No Link,dualjape,Paraguay,Twitter
193,twitter.com/ilepPH,FALSE,FALSE,2022,Qtr 1,January,31,AXE Chile,Vietnam,Has Description,12,TRUE,No Link,dualjape,Paraguay,Twitter
194,twitter.com/ilepPH,FALSE,FALSE,2022,Qtr 2,May,9,AXE Chile,Vietnam,Has Description,12,TRUE,No Link,dualjape,Paraguay,Twitter
195,twitter.com/biaeJP,FALSE,FALSE,2021,Qtr 4,December,31,Axe Colombia,Vietnam,No Description,34,FALSE,No Link,dualjape,Costa Rica,Twitter
196,twitter.com/biaeJP,FALSE,FALSE,2022,Qtr 1,January,31,Axe Colombia,Vietnam,No Description,34,FALSE,No Link,dualjape,Costa Rica,Twitter
197,twitter.com/biaeJP,FALSE,FALSE,2022,Qtr 2,May,9,Axe Colombia,Vietnam,No Description,34,FALSE,No Link,dualjape,Costa Rica,Twitter
198,twitter.com/nceast,TRUE,TRUE,2021,Qtr 4,December,31,AXE France,Vietnam,No Description,13121,TRUE,Has Link,ironsoft,Denmark,Twitter
199,twitter.com/nceast,TRUE,TRUE,2022,Qtr 1,January,31,AXE France,Vietnam,No Description,13089,TRUE,Has Link,ironsoft,Denmark,Twitter
200,twitter.com/nceast,TRUE,TRUE,2022,Qtr 2,May,9,AXE France,Vietnam,No Description,13024,TRUE,Has Link,ironsoft,Denmark,Twitter
201,twitter.com/_gr_SA,FALSE,FALSE,2021,Qtr 4,December,31,Axe Greece,Greece,No Description,108,TRUE,Has Link,germanrosy,United States of America,Twitter
202,twitter.com/_gr_SA,FALSE,FALSE,2022,Qtr 1,January,31,Axe Greece,Greece,No Description,108,TRUE,Has Link,germanrosy,United States of America,Twitter
203,twitter.com/_gr_SA,FALSE,FALSE,2022,Qtr 2,May,9,Axe Greece,Greece,No Description,107,TRUE,Has Link,germanrosy,United States of America,Twitter
204,twitter.com/eceuay,FALSE,FALSE,2021,Qtr 4,December,31,Axe Greece,Vietnam,Has Description,5,TRUE,Has Link,handfoxy,Ecuador,Twitter
205,twitter.com/eceuay,FALSE,FALSE,2022,Qtr 2,May,9,Axe Greece,Vietnam,Has Description,5,TRUE,Has Link,handfoxy,Ecuador,Twitter
206,twitter.com/_idand,FALSE,FALSE,2021,Qtr 4,December,31,AXE Indonesia,Vietnam,Has Description,11,TRUE,Has Link,carslord,India,Twitter
207,twitter.com/_idand,FALSE,FALSE,2022,Qtr 1,January,31,AXE Indonesia,Vietnam,Has Description,11,TRUE,Has Link,carslord,India,Twitter
208,twitter.com/_idand,FALSE,FALSE,2022,Qtr 2,May,9,AXE Indonesia,Vietnam,Has Description,13,TRUE,Has Link,carslord,India,Twitter
209,twitter.com/tamle1,FALSE,FALSE,2022,Qtr 2,May,9,AXE Latinoamérica,Vietnam,Has Description,6631,TRUE,Has Link,techfond,Peru,Twitter
210,twitter.com/tamle1,FALSE,FALSE,2022,Qtr 2,May,9,AXE Latinoamérica,Vietnam,Has Description,6632,TRUE,Has Link,techfond,Peru,Twitter
211,twitter.com/icosia,TRUE,TRUE,2021,Qtr 4,December,31,Axe México,México,Has Description,23944,TRUE,Has Link,aquapeak,Finland,Twitter
212,twitter.com/icosia,TRUE,TRUE,2022,Qtr 1,January,31,Axe México,México,Has Description,23889,TRUE,Has Link,aquapeak,Finland,Twitter
213,twitter.com/icosia,TRUE,TRUE,2022,Qtr 2,May,9,Axe México,México,Has Description,23775,TRUE,Has Link,aquapeak,Finland,Twitter
214,twitter.com/astiye,FALSE,FALSE,2021,Qtr 4,December,31,AXE Middle East,Vietnam,Has Description,1339,TRUE,Has Link,bassvest,France,Twitter
215,twitter.com/astiye,FALSE,FALSE,2022,Qtr 1,January,31,AXE Middle East,Vietnam,Has Description,1336,TRUE,Has Link,bassvest,France,Twitter
216,twitter.com/astiye,FALSE,FALSE,2022,Qtr 2,May,9,AXE Middle East,Vietnam,Has Description,1332,TRUE,Has Link,bassvest,France,Twitter
217,twitter.com/elllub,TRUE,TRUE,2021,Qtr 4,December,31,AXE offiziell,Deutschland Österreich Schweiz,Has Description,2662,TRUE,Has Link,aquapeak,Austria,Twitter
218,twitter.com/elllub,TRUE,TRUE,2022,Qtr 1,January,31,AXE offiziell,Deutschland Österreich Schweiz,Has Description,2688,TRUE,Has Link,aquapeak,Austria,Twitter
219,twitter.com/elllub,TRUE,TRUE,2022,Qtr 2,May,9,AXE offiziell,Deutschland Österreich Schweiz,Has Description,2740,TRUE,Has Link,aquapeak,Austria,Twitter
220,twitter.com/uayela,FALSE,FALSE,2021,Qtr 4,December,31,Axe Paraguay,Vietnam,Has Description,5990,TRUE,Has Link,dualjape,Global,Twitter
221,twitter.com/uayela,FALSE,FALSE,2022,Qtr 1,January,31,Axe Paraguay,Vietnam,Has Description,5985,TRUE,Has Link,dualjape,Global,Twitter
222,twitter.com/uayela,FALSE,FALSE,2022,Qtr 2,May,9,Axe Paraguay,Vietnam,Has Description,5974,TRUE,Has Link,dualjape,Global,Twitter
223,twitter.com/nesepy,FALSE,FALSE,2021,Qtr 4,December,31,Axe Philippines,Philippines,Has Description,7128,TRUE,Has Link,vandawn,Greece,Twitter
224,twitter.com/nesepy,FALSE,FALSE,2022,Qtr 1,January,31,Axe Philippines,Philippines,Has Description,7116,TRUE,Has Link,vandawn,Greece,Twitter
225,twitter.com/nesepy,FALSE,FALSE,2022,Qtr 2,May,9,Axe Philippines,Philippines,Has Description,7092,TRUE,Has Link,vandawn,Greece,Twitter
226,twitter.com/_ruico,FALSE,FALSE,2021,Qtr 4,December,31,AXE Russia,Vietnam,No Description,1,TRUE,Has Link,techfond,Czechia,Twitter
227,twitter.com/_ruico,FALSE,FALSE,2022,Qtr 1,January,31,AXE Russia,Vietnam,No Description,1,TRUE,Has Link,techfond,Czechia,Twitter
228,twitter.com/_ruico,FALSE,FALSE,2022,Qtr 2,May,9,AXE Russia,Vietnam,No Description,1,TRUE,Has Link,techfond,Czechia,Twitter
229,twitter.com/siaMen,FALSE,FALSE,2021,Qtr 4,December,31,AXE Russia,Vietnam,No Description,1423,TRUE,No Link,dualjape,Guatemala,Twitter
230,twitter.com/siaMen,FALSE,FALSE,2022,Qtr 1,January,31,AXE Russia,Vietnam,No Description,1418,TRUE,No Link,dualjape,Guatemala,Twitter
231,twitter.com/siaMen,FALSE,FALSE,2022,Qtr 2,May,9,AXE Russia,Vietnam,No Description,1410,TRUE,No Link,dualjape,Guatemala,Twitter
232,twitter.com/_SAina,TRUE,TRUE,2021,Qtr 4,December,31,AXE South Africa,South Africa,Has Description,21386,TRUE,Has Link,dualjape,Azerbaijan,Twitter
233,twitter.com/_SAina,TRUE,TRUE,2022,Qtr 1,January,31,AXE South Africa,South Africa,Has Description,21354,TRUE,Has Link,dualjape,Azerbaijan,Twitter
234,twitter.com/_SAina,TRUE,TRUE,2022,Qtr 2,May,9,AXE South Africa,South Africa,Has Description,21285,TRUE,Has Link,dualjape,Azerbaijan,Twitter
235,twitter.com/ain_ES,TRUE,TRUE,2021,Qtr 4,December,31,AXE Spain,España,Has Description,12437,TRUE,Has Link,vandawn,Philippines,Twitter
236,twitter.com/ain_ES,TRUE,TRUE,2022,Qtr 1,January,31,AXE Spain,España,Has Description,12401,TRUE,Has Link,vandawn,Philippines,Twitter
237,twitter.com/ain_ES,TRUE,TRUE,2022,Qtr 2,May,9,AXE Spain,España,Has Description,12297,TRUE,Has Link,vandawn,Philippines,Twitter
238,twitter.com/iye_th,TRUE,TRUE,2021,Qtr 4,December,31,Axe Türkiye,Vietnam,Has Description,15119,TRUE,Has Link,dualjape,Honduras,Twitter
239,twitter.com/iye_th,TRUE,TRUE,2022,Qtr 1,January,31,Axe Türkiye,Vietnam,Has Description,15086,TRUE,Has Link,dualjape,Honduras,Twitter
240,twitter.com/iye_th,TRUE,TRUE,2022,Qtr 2,May,9,Axe Türkiye,Vietnam,Has Description,15032,TRUE,Has Link,dualjape,Honduras,Twitter
241,twitter.com/uayebr,FALSE,FALSE,2021,Qtr 4,December,31,Axe Uruguay,Vietnam,Has Description,10133,TRUE,Has Link,osvent,Belgium,Twitter
242,twitter.com/uayebr,FALSE,FALSE,2022,Qtr 1,January,31,Axe Uruguay,Vietnam,Has Description,10119,TRUE,Has Link,osvent,Belgium,Twitter
243,twitter.com/uayebr,FALSE,FALSE,2022,Qtr 2,May,9,Axe Uruguay,Vietnam,Has Description,10078,TRUE,Has Link,osvent,Belgium,Twitter
244,twitter.com/elabia,FALSE,FALSE,2021,Qtr 4,December,31,AXE Venezuela,El Paraíso,Has Description,260,TRUE,Has Link,handfoxy,Hungary,Twitter
245,twitter.com/elabia,FALSE,FALSE,2022,Qtr 1,January,31,AXE Venezuela,El Paraíso,Has Description,259,TRUE,Has Link,handfoxy,Hungary,Twitter
246,twitter.com/elabia,FALSE,FALSE,2022,Qtr 2,May,9,AXE Venezuela,El Paraíso,Has Description,259,TRUE,Has Link,handfoxy,Hungary,Twitter
247,twitter.com/inabia,TRUE,TRUE,2021,Qtr 4,December,31,axeargentina,Argentina,Has Description,19369,TRUE,Has Link,handfoxy,Brazil,Twitter
248,twitter.com/inabia,TRUE,TRUE,2022,Qtr 1,January,31,axeargentina,Argentina,Has Description,19356,TRUE,Has Link,handfoxy,Brazil,Twitter
249,twitter.com/inabia,TRUE,TRUE,2022,Qtr 2,May,9,axeargentina,Argentina,Has Description,19309,TRUE,Has Link,handfoxy,Brazil,Twitter
250,twitter.com/andjan,FALSE,FALSE,2021,Qtr 4,December,31,AXEThailand,Vietnam,Has Description,1055,TRUE,Has Link,weiwind,Bangladesh,Twitter
251,twitter.com/andjan,FALSE,FALSE,2022,Qtr 1,January,31,AXEThailand,Vietnam,Has Description,1050,TRUE,Has Link,weiwind,Bangladesh,Twitter
252,twitter.com/andjan,FALSE,FALSE,2022,Qtr 2,May,9,AXEThailand,Vietnam,Has Description,1104,TRUE,Has Link,weiwind,Bangladesh,Twitter
253,twitter.com/epyina,FALSE,FALSE,2021,Qtr 4,December,31,Baby Dove Paraguay,Vietnam,No Description,115,TRUE,No Link,handfoxy,India,Twitter
254,twitter.com/epyina,FALSE,FALSE,2022,Qtr 1,January,31,Baby Dove Paraguay,Vietnam,No Description,115,TRUE,No Link,handfoxy,India,Twitter
255,twitter.com/epyina,FALSE,FALSE,2022,Qtr 2,May,9,Baby Dove Paraguay,Vietnam,No Description,116,TRUE,No Link,handfoxy,India,Twitter
256,twitter.com/Menypt,TRUE,TRUE,2021,Qtr 4,December,31,Brut,United Kingdom,Has Description,4325,TRUE,Has Link,germanrosy,Indonesia,Twitter
257,twitter.com/Menypt,TRUE,TRUE,2022,Qtr 1,January,31,Brut,United Kingdom,Has Description,4320,TRUE,Has Link,germanrosy,Indonesia,Twitter
258,twitter.com/Menypt,TRUE,TRUE,2022,Qtr 2,May,9,Brut,United Kingdom,Has Description,4303,TRUE,Has Link,germanrosy,Indonesia,Twitter
259,twitter.com/biaeJP,TRUE,TRUE,2021,Qtr 4,December,31,Clear Arabia,Vietnam,Has Description,6919,TRUE,No Link,dualjape,Costa Rica,Twitter
260,twitter.com/biaeJP,TRUE,TRUE,2022,Qtr 1,January,31,Clear Arabia,Vietnam,Has Description,6956,TRUE,No Link,dualjape,Costa Rica,Twitter
261,twitter.com/biaeJP,TRUE,TRUE,2022,Qtr 2,May,9,Clear Arabia,Vietnam,Has Description,7069,TRUE,No Link,dualjape,Costa Rica,Twitter
262,twitter.com/inasia,FALSE,FALSE,2021,Qtr 4,December,31,Clear Argentina,Argentina,Has Description,8447,TRUE,Has Link,germanrosy,Kazakhstan,Twitter
263,twitter.com/inasia,FALSE,FALSE,2022,Qtr 1,January,31,Clear Argentina,Argentina,Has Description,8442,TRUE,Has Link,germanrosy,Kazakhstan,Twitter
264,twitter.com/inasia,FALSE,FALSE,2022,Qtr 2,May,9,Clear Argentina,Argentina,Has Description,8408,TRUE,Has Link,germanrosy,Kazakhstan,Twitter
265,twitter.com/yptsia,FALSE,FALSE,2021,Qtr 4,December,31,Clear Egypt,Vietnam,No Description,8940,TRUE,No Link,handfoxy,Malaysia,Twitter
266,twitter.com/yptsia,FALSE,FALSE,2022,Qtr 1,January,31,Clear Egypt,Vietnam,No Description,8934,TRUE,No Link,handfoxy,Malaysia,Twitter
267,twitter.com/yptsia,FALSE,FALSE,2022,Qtr 2,May,9,Clear Egypt,Vietnam,No Description,8899,TRUE,No Link,handfoxy,Malaysia,Twitter
268,twitter.com/airuay,TRUE,TRUE,2021,Qtr 4,December,31,Clear Hair Care,United States,Has Description,32825,TRUE,Has Link,dualjape,Mexico,Twitter
269,twitter.com/airuay,TRUE,TRUE,2022,Qtr 1,January,31,Clear Hair Care,United States,Has Description,32762,TRUE,Has Link,dualjape,Mexico,Twitter
270,twitter.com/airuay,TRUE,TRUE,2022,Qtr 2,May,9,Clear Hair Care,United States,Has Description,32689,TRUE,Has Link,dualjape,Mexico,Twitter
271,twitter.com/sianTR,TRUE,TRUE,2021,Qtr 4,December,31,CLEAR Indonesia,Vietnam,No Description,54161,TRUE,Has Link,aquapeak,Nicaragua,Twitter
272,twitter.com/sianTR,TRUE,TRUE,2022,Qtr 1,January,31,CLEAR Indonesia,Vietnam,No Description,54077,TRUE,Has Link,aquapeak,Nicaragua,Twitter
273,twitter.com/sianTR,TRUE,TRUE,2022,Qtr 2,May,9,CLEAR Indonesia,Vietnam,No Description,53856,TRUE,Has Link,aquapeak,Nicaragua,Twitter
274,twitter.com/siaree,TRUE,TRUE,2021,Qtr 4,December,31,CLEAR Malaysia,Vietnam,No Description,10834,TRUE,Has Link,dualjape,Norway,Twitter
275,twitter.com/siaree,TRUE,TRUE,2022,Qtr 1,January,31,CLEAR Malaysia,Vietnam,No Description,10813,TRUE,Has Link,dualjape,Norway,Twitter
276,twitter.com/siaree,TRUE,TRUE,2022,Qtr 2,May,9,CLEAR Malaysia,Vietnam,No Description,10759,TRUE,Has Link,dualjape,Norway,Twitter
277,twitter.com/uayeCA,FALSE,FALSE,2021,Qtr 4,December,31,Clear Paraguay,Vietnam,Has Description,4722,TRUE,Has Link,songseem,Panama,Twitter
278,twitter.com/uayeCA,FALSE,FALSE,2022,Qtr 1,January,31,Clear Paraguay,Vietnam,Has Description,4717,TRUE,Has Link,songseem,Panama,Twitter
279,twitter.com/uayeCA,FALSE,FALSE,2022,Qtr 2,May,9,Clear Paraguay,Vietnam,Has Description,4711,TRUE,Has Link,songseem,Panama,Twitter
280,twitter.com/_thair,TRUE,TRUE,2021,Qtr 4,December,31,CLEAR TH,Thailand,Has Description,208,TRUE,Has Link,aquapeak,Japan,Twitter
281,twitter.com/_thair,TRUE,TRUE,2022,Qtr 1,January,31,CLEAR TH,Thailand,Has Description,208,TRUE,Has Link,aquapeak,Japan,Twitter
282,twitter.com/_thair,TRUE,TRUE,2022,Qtr 2,May,9,CLEAR TH,Thailand,Has Description,209,TRUE,Has Link,aquapeak,Japan,Twitter
283,twitter.com/iyemen,FALSE,FALSE,2021,Qtr 4,December,31,Clear Türkiye,Vietnam,Has Description,5780,TRUE,Has Link,ironsoft,Paraguay,Twitter
284,twitter.com/iyemen,FALSE,FALSE,2022,Qtr 1,January,31,Clear Türkiye,Vietnam,Has Description,5762,TRUE,Has Link,ironsoft,Paraguay,Twitter
285,twitter.com/iyemen,FALSE,FALSE,2022,Qtr 2,May,9,Clear Türkiye,Vietnam,Has Description,5776,TRUE,Has Link,ironsoft,Paraguay,Twitter
286,twitter.com/uaydor,FALSE,FALSE,2022,Qtr 2,May,9,Clear Uruguay,Uruguay,Has Description,6413,TRUE,Has Link,dualjape,Poland,Twitter
287,twitter.com/nTRove,FALSE,FALSE,2021,Qtr 4,December,31,Clear Women,Vietnam,Has Description,2847,TRUE,Has Link,germanrosy,Peru,Twitter
288,twitter.com/nTRove,FALSE,FALSE,2022,Qtr 1,January,31,Clear Women,Vietnam,Has Description,2837,TRUE,Has Link,germanrosy,Peru,Twitter
289,twitter.com/nTRove,FALSE,FALSE,2022,Qtr 2,May,9,Clear Women,Vietnam,Has Description,2834,TRUE,Has Link,germanrosy,Peru,Twitter
290,twitter.com/eJPiye,TRUE,TRUE,2021,Qtr 4,December,31,CLEAR(クリア)公式,Vietnam,Has Description,3869,TRUE,Has Link,handfoxy,Netherlands,Twitter
291,twitter.com/eJPiye,TRUE,TRUE,2022,Qtr 1,January,31,CLEAR(クリア)公式,Vietnam,Has Description,3832,TRUE,Has Link,handfoxy,Netherlands,Twitter
292,twitter.com/eJPiye,TRUE,TRUE,2022,Qtr 2,May,9,CLEAR(クリア)公式,Vietnam,Has Description,3729,TRUE,Has Link,handfoxy,Netherlands,Twitter
293,twitter.com/earybr,FALSE,FALSE,2021,Qtr 4,December,31,Clear.haircare,Vietnam,Has Description,457,TRUE,Has Link,weiwind,Philippines,Twitter
294,twitter.com/earybr,FALSE,FALSE,2022,Qtr 1,January,31,Clear.haircare,Vietnam,Has Description,455,TRUE,Has Link,weiwind,Philippines,Twitter
295,twitter.com/earybr,FALSE,FALSE,2022,Qtr 2,May,9,Clear.haircare,Vietnam,Has Description,453,TRUE,Has Link,weiwind,Philippines,Twitter
296,twitter.com/pPHyME,TRUE,TRUE,2021,Qtr 4,December,31,Closeup Philippines,"Manila, Philippines",Has Description,41072,TRUE,Has Link,dualjape,Portugal,Twitter
297,twitter.com/pPHyME,TRUE,TRUE,2022,Qtr 1,January,31,Closeup Philippines,"Manila, Philippines",Has Description,40978,TRUE,Has Link,dualjape,Portugal,Twitter
298,twitter.com/pPHyME,TRUE,TRUE,2022,Qtr 2,May,9,Closeup Philippines,"Manila, Philippines",Has Description,40729,TRUE,Has Link,dualjape,Portugal,Twitter
299,twitter.com/ree_ar,TRUE,TRUE,2022,Qtr 1,January,31,Degree,Vietnam,Has Description,45103,TRUE,Has Link,techfond,Philippines,Twitter
300,twitter.com/necang,TRUE,TRUE,2021,Qtr 4,December,31,Degree,Vietnam,Has Description,45113,TRUE,Has Link,techfond,Colombia,Twitter
301,twitter.com/ree_ar,TRUE,TRUE,2022,Qtr 2,May,9,Degree - #NotDoneYet,Vietnam,Has Description,45371,TRUE,Has Link,techfond,Philippines,Twitter
302,twitter.com/eCAbia,FALSE,FALSE,2021,Qtr 4,December,31,Degree Canada,Vietnam,Has Description,3211,TRUE,Has Link,handfoxy,Poland,Twitter
303,twitter.com/eCAbia,FALSE,FALSE,2022,Qtr 1,January,31,Degree Canada,Vietnam,Has Description,3204,TRUE,Has Link,handfoxy,Poland,Twitter
304,twitter.com/eCAbia,FALSE,FALSE,2022,Qtr 2,May,9,Degree Canada,Vietnam,Has Description,3187,TRUE,Has Link,handfoxy,Poland,Twitter
305,twitter.com/men_bo,TRUE,TRUE,2021,Qtr 4,December,31,Degree Men (@Degree),Vietnam,Has Description,22104,TRUE,Has Link,techfond,Portugal,Twitter
306,twitter.com/men_bo,TRUE,TRUE,2022,Qtr 1,January,31,Degree Men (@Degree),Vietnam,Has Description,22039,TRUE,Has Link,techfond,Portugal,Twitter
307,twitter.com/men_bo,TRUE,TRUE,2022,Qtr 2,May,9,Degree Men (@Degree),Vietnam,Has Description,21915,TRUE,Has Link,techfond,Portugal,Twitter
308,twitter.com/oveIDN,TRUE,TRUE,2022,Qtr 2,May,9,Dove,Vietnam,Has Description,186421,TRUE,Has Link,dualjape,Russian Federation,Twitter
309,twitter.com/ell_th,TRUE,TRUE,2021,Qtr 4,December,31,Dove,"Hamburg, Germany",Has Description,1128,TRUE,Has Link,aquapeak,Uruguay,Twitter
310,twitter.com/ell_th,TRUE,TRUE,2022,Qtr 1,January,31,Dove,"Hamburg, Germany",Has Description,1129,TRUE,Has Link,aquapeak,Uruguay,Twitter
311,twitter.com/ell_th,TRUE,TRUE,2022,Qtr 2,May,9,Dove,"Hamburg, Germany",Has Description,1124,TRUE,Has Link,aquapeak,Uruguay,Twitter
312,twitter.com/biakor,TRUE,TRUE,2021,Qtr 4,December,31,Dove Arabia,Middle East,Has Description,47723,TRUE,Has Link,ironsoft,Slovakia,Twitter
313,twitter.com/biakor,TRUE,TRUE,2022,Qtr 1,January,31,Dove Arabia,Middle East,Has Description,47694,TRUE,Has Link,ironsoft,Slovakia,Twitter
314,twitter.com/biakor,TRUE,TRUE,2022,Qtr 2,May,9,Dove Arabia,Middle East,Has Description,47542,TRUE,Has Link,ironsoft,Slovakia,Twitter
315,twitter.com/_boTAM,FALSE,FALSE,2021,Qtr 4,December,31,Dove Bolivia,Vietnam,No Description,11,TRUE,No Link,dualjape,South Africa,Twitter
316,twitter.com/_boTAM,FALSE,FALSE,2022,Qtr 1,January,31,Dove Bolivia,Vietnam,No Description,11,TRUE,No Link,dualjape,South Africa,Twitter
317,twitter.com/_boTAM,FALSE,FALSE,2022,Qtr 2,May,9,Dove Bolivia,Vietnam,No Description,11,TRUE,No Link,dualjape,South Africa,Twitter
318,twitter.com/ebreid,TRUE,TRUE,2021,Qtr 4,December,31,Dove Brasil,Vietnam,Has Description,41414,TRUE,Has Link,ironsoft,Argentina,Twitter
319,twitter.com/ebreid,TRUE,TRUE,2022,Qtr 1,January,31,Dove Brasil,Vietnam,Has Description,41380,TRUE,Has Link,ironsoft,Argentina,Twitter
320,twitter.com/ebreid,TRUE,TRUE,2022,Qtr 2,May,9,Dove Brasil,Vietnam,Has Description,41374,TRUE,Has Link,ironsoft,Argentina,Twitter
321,twitter.com/adadia,TRUE,TRUE,2021,Qtr 4,December,31,Dove Canada,Vietnam,Has Description,9707,TRUE,Has Link,ironsoft,Azerbaijan,Twitter
322,twitter.com/adadia,TRUE,TRUE,2022,Qtr 1,January,31,Dove Canada,Vietnam,Has Description,9692,TRUE,Has Link,ironsoft,Azerbaijan,Twitter
323,twitter.com/adadia,TRUE,TRUE,2022,Qtr 2,May,9,Dove Canada,Vietnam,Has Description,9718,TRUE,Has Link,ironsoft,Azerbaijan,Twitter
324,twitter.com/le1dia,FALSE,FALSE,2021,Qtr 4,December,31,Dove Chile,Vietnam,Has Description,8,TRUE,Has Link,ironsoft,Puerto Rico,Twitter
325,twitter.com/le1dia,FALSE,FALSE,2022,Qtr 1,January,31,Dove Chile,Vietnam,Has Description,8,TRUE,Has Link,ironsoft,Puerto Rico,Twitter
326,twitter.com/le1dia,FALSE,FALSE,2022,Qtr 2,May,9,Dove Chile,Vietnam,Has Description,9,TRUE,Has Link,ironsoft,Puerto Rico,Twitter
327,twitter.com/_ESyMY,TRUE,TRUE,2021,Qtr 4,December,31,Dove España,España,Has Description,6792,TRUE,Has Link,ironsoft,Romania,Twitter
328,twitter.com/_ESyMY,TRUE,TRUE,2022,Qtr 1,January,31,Dove España,España,Has Description,6789,TRUE,Has Link,ironsoft,Romania,Twitter
329,twitter.com/_ESyMY,TRUE,TRUE,2022,Qtr 2,May,9,Dove España,España,Has Description,6785,TRUE,Has Link,ironsoft,Romania,Twitter
330,twitter.com/ananar,FALSE,FALSE,2021,Qtr 4,December,31,Dove Ghana,Accra,Has Description,651,TRUE,Has Link,ironsoft,Bangladesh,Twitter
331,twitter.com/ananar,FALSE,FALSE,2022,Qtr 1,January,31,Dove Ghana,Accra,Has Description,647,TRUE,Has Link,ironsoft,Bangladesh,Twitter
332,twitter.com/ananar,FALSE,FALSE,2022,Qtr 2,May,9,Dove Ghana,Accra,Has Description,730,TRUE,Has Link,ironsoft,Bangladesh,Twitter
333,twitter.com/ecebia,FALSE,FALSE,2021,Qtr 4,December,31,dove greece,Greece,Has Description,10,TRUE,Has Link,dualjape,Brazil,Twitter
334,twitter.com/ecebia,FALSE,FALSE,2022,Qtr 1,January,31,dove greece,Greece,Has Description,11,TRUE,Has Link,dualjape,Brazil,Twitter
335,twitter.com/ecebia,FALSE,FALSE,2022,Qtr 2,May,9,dove greece,Greece,Has Description,11,TRUE,Has Link,dualjape,Brazil,Twitter
336,twitter.com/ind_nl,TRUE,TRUE,2021,Qtr 4,December,31,Dove India,Vietnam,Has Description,14677,TRUE,Has Link,aquapeak,Sweden,Twitter
337,twitter.com/ind_nl,TRUE,TRUE,2022,Qtr 1,January,31,Dove India,Vietnam,Has Description,14664,TRUE,Has Link,aquapeak,Sweden,Twitter
338,twitter.com/ind_nl,TRUE,TRUE,2022,Qtr 2,May,9,Dove India,Vietnam,Has Description,14600,TRUE,Has Link,aquapeak,Sweden,Twitter
339,twitter.com/dianbr,FALSE,FALSE,2021,Qtr 4,December,31,Dove India,India,Has Description,573,TRUE,Has Link,songseem,China,Twitter
340,twitter.com/dianbr,FALSE,FALSE,2022,Qtr 1,January,31,Dove India,India,Has Description,572,TRUE,Has Link,songseem,China,Twitter
341,twitter.com/dianbr,FALSE,FALSE,2022,Qtr 2,May,9,Dove India,India,Has Description,570,TRUE,Has Link,songseem,China,Twitter
342,twitter.com/eidnau,FALSE,FALSE,2021,Qtr 4,December,31,Dove Indonesia,Vietnam,No Description,24,FALSE,No Link,germanrosy,Chile,Twitter
343,twitter.com/eidnau,FALSE,FALSE,2022,Qtr 1,January,31,Dove Indonesia,Vietnam,No Description,24,FALSE,No Link,germanrosy,Chile,Twitter
344,twitter.com/eidnau,FALSE,FALSE,2022,Qtr 2,May,9,Dove Indonesia,Vietnam,No Description,24,FALSE,No Link,germanrosy,Chile,Twitter
345,twitter.com/korell,FALSE,FALSE,2021,Qtr 4,December,31,Dove Korea,Vietnam,Has Description,7417,TRUE,Has Link,vandawn,Switzerland,Twitter
346,twitter.com/korell,FALSE,FALSE,2022,Qtr 1,January,31,Dove Korea,Vietnam,Has Description,7412,TRUE,Has Link,vandawn,Switzerland,Twitter
347,twitter.com/korell,FALSE,FALSE,2022,Qtr 2,May,9,Dove Korea,Vietnam,Has Description,7386,TRUE,Has Link,vandawn,Switzerland,Twitter
348,twitter.com/TAM_ph,FALSE,FALSE,2021,Qtr 4,December,31,Dove Latinoamérica,Vietnam,Has Description,3674,TRUE,Has Link,bassvest,Thailand,Twitter
349,twitter.com/TAM_ph,FALSE,FALSE,2022,Qtr 1,January,31,Dove Latinoamérica,Vietnam,Has Description,3668,TRUE,Has Link,bassvest,Thailand,Twitter
350,twitter.com/TAM_ph,FALSE,FALSE,2022,Qtr 2,May,9,Dove Latinoamérica,Vietnam,Has Description,3658,TRUE,Has Link,bassvest,Thailand,Twitter
351,twitter.com/emxiye,TRUE,TRUE,2021,Qtr 4,December,31,Dove Men + Care,México,Has Description,1279,TRUE,Has Link,aquapeak,Japan,Twitter
352,twitter.com/emxiye,TRUE,TRUE,2022,Qtr 1,January,31,Dove Men + Care,México,Has Description,1280,TRUE,Has Link,aquapeak,Japan,Twitter
353,twitter.com/emxiye,TRUE,TRUE,2022,Qtr 2,May,9,Dove Men + Care,México,Has Description,1274,TRUE,Has Link,aquapeak,Japan,Twitter
354,twitter.com/nbrejp,TRUE,TRUE,2021,Qtr 4,December,31,Dove Men +Care,Brasil,Has Description,520,TRUE,Has Link,aquapeak,Greece,Twitter
355,twitter.com/nbrejp,TRUE,TRUE,2022,Qtr 1,January,31,Dove Men +Care,Brasil,Has Description,523,TRUE,Has Link,aquapeak,Greece,Twitter
356,twitter.com/nbrejp,TRUE,TRUE,2022,Qtr 2,May,9,Dove Men +Care,Brasil,Has Description,520,TRUE,Has Link,aquapeak,Greece,Twitter
357,twitter.com/bia_za,TRUE,TRUE,2021,Qtr 4,December,31,Dove Men Care Arabia,Arabia,Has Description,2088,TRUE,Has Link,aquapeak,Egypt,Twitter
358,twitter.com/bia_za,TRUE,TRUE,2022,Qtr 1,January,31,Dove Men Care Arabia,Arabia,Has Description,2085,TRUE,Has Link,aquapeak,Egypt,Twitter
359,twitter.com/bia_za,TRUE,TRUE,2022,Qtr 2,May,9,Dove Men Care Arabia,Arabia,Has Description,2079,TRUE,Has Link,aquapeak,Egypt,Twitter
360,twitter.com/eesile,FALSE,FALSE,2021,Qtr 4,December,31,Dove Men Care ES,Vietnam,No Description,1,TRUE,No Link,techfond,"Iran, Islamic Republic of",Twitter
361,twitter.com/eesile,FALSE,FALSE,2022,Qtr 1,January,31,Dove Men Care ES,Vietnam,No Description,1,TRUE,No Link,techfond,"Iran, Islamic Republic of",Twitter
362,twitter.com/eesile,FALSE,FALSE,2022,Qtr 2,May,9,Dove Men Care ES,Vietnam,No Description,1,TRUE,No Link,techfond,"Iran, Islamic Republic of",Twitter
363,twitter.com/npyear,FALSE,FALSE,2021,Qtr 4,December,31,Dove Men Paraguay,Paraguay,Has Description,4088,TRUE,Has Link,aquapeak,Morocco,Twitter
364,twitter.com/npyear,FALSE,FALSE,2022,Qtr 1,January,31,Dove Men Paraguay,Paraguay,Has Description,4087,TRUE,Has Link,aquapeak,Morocco,Twitter
365,twitter.com/npyear,FALSE,FALSE,2022,Qtr 2,May,9,Dove Men Paraguay,Paraguay,Has Description,4076,TRUE,Has Link,aquapeak,Morocco,Twitter
366,twitter.com/nauees,TRUE,TRUE,2021,Qtr 4,December,31,Dove Men+Care,Australia,Has Description,966,TRUE,Has Link,bassvest,Global,Twitter
367,twitter.com/nauees,TRUE,TRUE,2022,Qtr 1,January,31,Dove Men+Care,Australia,Has Description,965,TRUE,Has Link,bassvest,Global,Twitter
368,twitter.com/nauees,TRUE,TRUE,2022,Qtr 2,May,9,Dove Men+Care,Australia,Has Description,965,TRUE,Has Link,bassvest,Global,Twitter
369,twitter.com/areemx,TRUE,TRUE,2021,Qtr 4,December,31,Dove Men+Care,United States,Has Description,36487,TRUE,No Link,handfoxy,Hong Kong,Twitter
370,twitter.com/areemx,TRUE,TRUE,2022,Qtr 1,January,31,Dove Men+Care,United States,Has Description,36405,TRUE,No Link,handfoxy,Hong Kong,Twitter
371,twitter.com/areemx,TRUE,TRUE,2022,Qtr 2,May,9,Dove Men+Care,United States,Has Description,36476,TRUE,No Link,handfoxy,Hong Kong,Twitter
372,twitter.com/_zaeph,TRUE,TRUE,2021,Qtr 4,December,31,Dove Men+Care,South Africa,Has Description,1217,TRUE,Has Link,dualjape,Indonesia,Twitter
373,twitter.com/_zaeph,TRUE,TRUE,2022,Qtr 1,January,31,Dove Men+Care,South Africa,Has Description,1208,TRUE,Has Link,dualjape,Indonesia,Twitter
374,twitter.com/_zaeph,TRUE,TRUE,2022,Qtr 2,May,9,Dove Men+Care,South Africa,Has Description,1197,TRUE,Has Link,dualjape,Indonesia,Twitter
375,twitter.com/ileeuk,FALSE,FALSE,2021,Qtr 4,December,31,Dove Men+Care,"Santiago, Chile.",Has Description,1576,TRUE,Has Link,weiwind,Malaysia,Twitter
376,twitter.com/ileeuk,FALSE,FALSE,2022,Qtr 2,May,9,Dove Men+Care,"Santiago, Chile.",Has Description,1571,TRUE,Has Link,weiwind,Malaysia,Twitter
377,twitter.com/nukbia,TRUE,TRUE,2021,Qtr 4,December,31,Dove Men+Care,Vietnam,Has Description,37595,TRUE,Has Link,germanrosy,Paraguay,Twitter
378,twitter.com/nukbia,TRUE,TRUE,2022,Qtr 1,January,31,Dove Men+Care,Vietnam,Has Description,37813,TRUE,Has Link,germanrosy,Paraguay,Twitter
379,twitter.com/nukbia,TRUE,TRUE,2022,Qtr 2,May,9,Dove Men+Care,Vietnam,Has Description,38171,TRUE,No Link,germanrosy,Paraguay,Twitter
380,twitter.com/mennya,FALSE,FALSE,2021,Qtr 4,December,31,Dove Men+Care,Vietnam,Has Description,4469,TRUE,Has Link,songseem,Global,Twitter
381,twitter.com/mennya,FALSE,FALSE,2022,Qtr 1,January,31,Dove Men+Care,Vietnam,Has Description,4457,TRUE,Has Link,songseem,Global,Twitter
382,twitter.com/mennya,FALSE,FALSE,2022,Qtr 2,May,9,Dove Men+Care,Vietnam,Has Description,4427,TRUE,Has Link,songseem,Global,Twitter
383,twitter.com/narare,FALSE,FALSE,2021,Qtr 4,December,31,Dove Men+Care Arg,Vietnam,Has Description,2655,TRUE,No Link,songseem,Colombia,Twitter
384,twitter.com/narare,FALSE,FALSE,2022,Qtr 1,January,31,Dove Men+Care Arg,Vietnam,Has Description,2654,TRUE,No Link,songseem,Colombia,Twitter
385,twitter.com/narare,FALSE,FALSE,2022,Qtr 2,May,9,Dove Men+Care Arg,Vietnam,Has Description,2645,TRUE,No Link,songseem,Colombia,Twitter
386,twitter.com/esgdia,FALSE,FALSE,2021,Qtr 4,December,31,Dove MEN+CARE SG,Vietnam,Has Description,4,TRUE,Has Link,handfoxy,India,Twitter
387,twitter.com/esgdia,FALSE,FALSE,2022,Qtr 1,January,31,Dove MEN+CARE SG,Vietnam,Has Description,4,TRUE,Has Link,handfoxy,India,Twitter
388,twitter.com/esgdia,FALSE,FALSE,2022,Qtr 2,May,9,Dove MEN+CARE SG,Vietnam,Has Description,5,TRUE,Has Link,handfoxy,India,Twitter
389,twitter.com/iyeuoy,TRUE,TRUE,2021,Qtr 4,December,31,Dove Men+Care TR,Vietnam,Has Description,4558,TRUE,Has Link,aquapeak,Pakistan,Twitter
390,twitter.com/iyeuoy,TRUE,TRUE,2022,Qtr 1,January,31,Dove Men+Care TR,Vietnam,Has Description,4550,TRUE,Has Link,aquapeak,Pakistan,Twitter
391,twitter.com/iyeuoy,TRUE,TRUE,2022,Qtr 2,May,9,Dove Men+Care TR,Vietnam,Has Description,4536,TRUE,Has Link,aquapeak,Pakistan,Twitter
392,twitter.com/mex_pk,TRUE,TRUE,2021,Qtr 4,December,31,Dove México,Mexico City,Has Description,8599,TRUE,Has Link,dualjape,Turkey,Twitter
393,twitter.com/mex_pk,TRUE,TRUE,2022,Qtr 1,January,31,Dove México,Mexico City,Has Description,8595,TRUE,Has Link,dualjape,Turkey,Twitter
394,twitter.com/mex_pk,TRUE,TRUE,2022,Qtr 2,May,9,Dove México,Mexico City,Has Description,8599,TRUE,Has Link,dualjape,Turkey,Twitter
395,twitter.com/_pk_uy,FALSE,FALSE,2021,Qtr 4,December,31,Dove Pakistan,Pakistan,Has Description,2643,TRUE,Has Link,dualjape,Global,Twitter
396,twitter.com/_pk_uy,FALSE,FALSE,2022,Qtr 1,January,31,Dove Pakistan,Pakistan,Has Description,2645,TRUE,Has Link,dualjape,Global,Twitter
397,twitter.com/_pk_uy,FALSE,FALSE,2022,Qtr 2,May,9,Dove Pakistan,Pakistan,Has Description,2638,TRUE,Has Link,dualjape,Global,Twitter
398,twitter.com/_PY_za,FALSE,FALSE,2021,Qtr 4,December,31,Dove Paraguay,Vietnam,Has Description,8028,TRUE,Has Link,aquapeak,Paraguay,Twitter
399,twitter.com/_PY_za,FALSE,FALSE,2022,Qtr 1,January,31,Dove Paraguay,Vietnam,Has Description,8024,TRUE,Has Link,aquapeak,Paraguay,Twitter
400,twitter.com/_PY_za,FALSE,FALSE,2022,Qtr 2,May,9,Dove Paraguay,Vietnam,Has Description,8005,TRUE,Has Link,aquapeak,Paraguay,Twitter
401,twitter.com/_ph_TR,FALSE,FALSE,2021,Qtr 4,December,31,Dove Philippines,Philippines,Has Description,12004,TRUE,Has Link,dualjape,"Venezuela, Bolivarian Republic of",Twitter
402,twitter.com/_ph_TR,FALSE,FALSE,2022,Qtr 1,January,31,Dove Philippines,Philippines,Has Description,11986,TRUE,Has Link,dualjape,"Venezuela, Bolivarian Republic of",Twitter
403,twitter.com/_ph_TR,FALSE,FALSE,2022,Qtr 2,May,9,Dove Philippines,Philippines,Has Description,11933,TRUE,Has Link,dualjape,"Venezuela, Bolivarian Republic of",Twitter
404,twitter.com/_thina,TRUE,TRUE,2021,Qtr 4,December,31,Dove TH,Thailand,Has Description,154,TRUE,Has Link,dualjape,United Kingdom of Great Britain and Northern Island,Twitter
405,twitter.com/_thina,TRUE,TRUE,2022,Qtr 1,January,31,Dove TH,Thailand,Has Description,155,TRUE,Has Link,dualjape,United Kingdom of Great Britain and Northern Island,Twitter
406,twitter.com/_thina,TRUE,TRUE,2022,Qtr 2,May,9,Dove TH,Thailand,Has Description,212,TRUE,Has Link,dualjape,United Kingdom of Great Britain and Northern Island,Twitter
407,twitter.com/_TRebr,TRUE,TRUE,2021,Qtr 4,December,31,Dove Türkiye,Vietnam,Has Description,20630,TRUE,Has Link,handfoxy,United States of America,Twitter
408,twitter.com/_TRebr,TRUE,TRUE,2022,Qtr 1,January,31,Dove Türkiye,Vietnam,Has Description,20574,TRUE,Has Link,handfoxy,United States of America,Twitter
409,twitter.com/_TRebr,TRUE,TRUE,2022,Qtr 2,May,9,Dove Türkiye,Vietnam,Has Description,20531,TRUE,Has Link,handfoxy,United States of America,Twitter
410,twitter.com/euk_py,TRUE,TRUE,2021,Qtr 4,December,31,Dove UK & Ireland,United Kingdom,Has Description,15907,TRUE,Has Link,techfond,Peru,Twitter
411,twitter.com/euk_py,TRUE,TRUE,2022,Qtr 1,January,31,Dove UK & Ireland,United Kingdom,Has Description,15871,TRUE,Has Link,techfond,Peru,Twitter
412,twitter.com/euk_py,TRUE,TRUE,2022,Qtr 2,May,9,Dove UK & Ireland,United Kingdom,Has Description,15817,TRUE,Has Link,techfond,Peru,Twitter
413,twitter.com/_uyada,FALSE,FALSE,2021,Qtr 4,December,31,Dove Uruguay,Uruguay,Has Description,16592,TRUE,Has Link,dualjape,United Kingdom of Great Britain and Northern Island,Twitter
414,twitter.com/_uyada,FALSE,FALSE,2022,Qtr 1,January,31,Dove Uruguay,Uruguay,Has Description,16591,TRUE,Has Link,dualjape,United Kingdom of Great Britain and Northern Island,Twitter
415,twitter.com/_uyada,FALSE,FALSE,2022,Qtr 2,May,9,Dove Uruguay,Uruguay,Has Description,16599,TRUE,Has Link,dualjape,United Kingdom of Great Britain and Northern Island,Twitter
416,twitter.com/_arind,TRUE,TRUE,2021,Qtr 4,December,31,dove_ar,Argentina,Has Description,31097,TRUE,Has Link,carslord,Saudi Arabia,Twitter
417,twitter.com/_arind,TRUE,TRUE,2022,Qtr 1,January,31,dove_ar,Argentina,Has Description,31065,TRUE,Has Link,carslord,Saudi Arabia,Twitter
418,twitter.com/_arind,TRUE,TRUE,2022,Qtr 2,May,9,dove_ar,Argentina,Has Description,30992,TRUE,Has Link,carslord,Saudi Arabia,Twitter
419,twitter.com/IDNmex,FALSE,FALSE,2021,Qtr 4,December,31,Dove_IDN,Vietnam,No Description,0,TRUE,No Link,ironsoft,Spain,Twitter
420,twitter.com/ephnuk,FALSE,FALSE,2021,Qtr 4,December,31,DoveMenCarePH,Philippines,Has Description,115,TRUE,No Link,dualjape,Kazakhstan,Twitter
421,twitter.com/ephnuk,FALSE,FALSE,2022,Qtr 1,January,31,DoveMenCarePH,Philippines,Has Description,114,TRUE,No Link,dualjape,Kazakhstan,Twitter
422,twitter.com/ephnuk,FALSE,FALSE,2022,Qtr 2,May,9,DoveMenCarePH,Philippines,Has Description,114,TRUE,No Link,dualjape,Kazakhstan,Twitter
423,twitter.com/_nl_PY,FALSE,FALSE,2021,Qtr 4,December,31,DoveNL,Rotterdam,Has Description,14332,TRUE,Has Link,handfoxy,United States of America,Twitter
424,twitter.com/_nl_PY,FALSE,FALSE,2022,Qtr 1,January,31,DoveNL,Rotterdam,Has Description,14308,TRUE,Has Link,handfoxy,United States of America,Twitter
425,twitter.com/_nl_PY,FALSE,FALSE,2022,Qtr 2,May,9,DoveNL,Rotterdam,Has Description,14249,TRUE,Has Link,handfoxy,United States of America,Twitter
426,twitter.com/dor_jp,FALSE,FALSE,2021,Qtr 4,December,31,Efecto Axe Ecuador,Vietnam,Has Description,953,TRUE,Has Link,techfond,Russian Federation,Twitter
427,twitter.com/dor_jp,FALSE,FALSE,2022,Qtr 2,May,9,Efecto Axe Ecuador,Vietnam,Has Description,945,TRUE,Has Link,techfond,Russian Federation,Twitter
428,twitter.com/yMEile,FALSE,FALSE,2021,Qtr 4,December,31,Fair & Lovely Arabia,Vietnam,No Description,64,FALSE,No Link,ironsoft,Serbia,Twitter
429,twitter.com/yMEile,FALSE,FALSE,2022,Qtr 1,January,31,Fair & Lovely Arabia,Vietnam,No Description,64,FALSE,No Link,ironsoft,Serbia,Twitter
430,twitter.com/yMEile,FALSE,FALSE,2022,Qtr 2,May,9,Fair & Lovely Arabia,Vietnam,No Description,65,FALSE,No Link,ironsoft,Serbia,Twitter
431,twitter.com/diadal,FALSE,FALSE,2022,Qtr 2,May,9,Fair & Lovely India,India,No Description,43,TRUE,Has Link,carslord,Singapore,Twitter
432,twitter.com/_Pyeru,FALSE,FALSE,2021,Qtr 4,December,31,Fair & Lovely India,India,No Description,44,TRUE,Has Link,techfond,Hungary,Twitter
433,twitter.com/yMY,FALSE,FALSE,2021,Qtr 4,December,31,Fair & Lovely MY,Vietnam,Has Description,377,TRUE,No Link,aquapeak,Slovakia,Twitter
434,twitter.com/yMY,FALSE,FALSE,2022,Qtr 1,January,31,Fair & Lovely MY,Vietnam,Has Description,377,TRUE,No Link,aquapeak,Slovakia,Twitter
435,twitter.com/yMY,FALSE,FALSE,2022,Qtr 2,May,9,Fair & Lovely MY,Vietnam,Has Description,374,TRUE,No Link,aquapeak,Slovakia,Twitter
436,twitter.com/jan_ru,FALSE,FALSE,2022,Qtr 1,January,31,Axeappolo,Vietnam,No Description,1,TRUE,No Link,aquapeak,Canada,Twitter
437,twitter.com/uaydor,FALSE,FALSE,2021,Qtr 4,December,31,clearparis,Vietnam,No Description,1,TRUE,No Link,dualjape,Poland,Twitter
438,twitter.com/uaydor,FALSE,FALSE,2022,Qtr 1,January,31,clearparis,Vietnam,No Description,1,TRUE,No Link,dualjape,Poland,Twitter
439,twitter.com/ileeuk,FALSE,FALSE,2022,Qtr 1,January,31,dovemen,Vietnam,No Description,1,TRUE,No Link,weiwind,Malaysia,Twitter
440,twitter.com/dor_jp,FALSE,FALSE,2022,Qtr 1,January,31,elefectoaxe,Vietnam,No Description,1,TRUE,No Link,techfond,Russian Federation,Twitter
441,twitter.com/diadal,FALSE,FALSE,2022,Qtr 1,January,31,fairandlovely,Vietnam,No Description,1,TRUE,No Link,carslord,Singapore,Twitter
442,twitter.com/_jp,FALSE,FALSE,2022,Qtr 1,January,31,mydove,Vietnam,No Description,1,TRUE,No Link,ironsoft,Slovenia,Twitter
443,twitter.com/eceuay,FALSE,FALSE,2022,Qtr 1,January,31,theaxeeffect,Vietnam,No Description,1,TRUE,No Link,handfoxy,Ecuador,Twitter
444,twitter.com/uoyada,FALSE,FALSE,2021,Qtr 4,December,31,Lifebuoy,Vietnam,Has Description,69,TRUE,No Link,dualjape,Portugal,Twitter
445,twitter.com/uoyada,FALSE,FALSE,2022,Qtr 1,January,31,Lifebuoy,Vietnam,Has Description,69,TRUE,No Link,dualjape,Portugal,Twitter
446,twitter.com/uoyada,FALSE,FALSE,2022,Qtr 2,May,9,Lifebuoy,Vietnam,Has Description,69,TRUE,No Link,dualjape,Portugal,Twitter
447,twitter.com/_pyana,FALSE,FALSE,2021,Qtr 4,December,31,Lifebuoy,Paraguay,Has Description,395,TRUE,Has Link,dualjape,Russian Federation,Twitter
448,twitter.com/_pyana,FALSE,FALSE,2022,Qtr 1,January,31,Lifebuoy,Paraguay,Has Description,397,TRUE,Has Link,dualjape,Russian Federation,Twitter
449,twitter.com/_pyana,FALSE,FALSE,2022,Qtr 2,May,9,Lifebuoy,Paraguay,Has Description,395,TRUE,Has Link,dualjape,Russian Federation,Twitter
450,twitter.com/oapmen,TRUE,TRUE,2021,Qtr 4,December,31,Lifebuoy,United Kingdom,Has Description,10479,TRUE,No Link,aquapeak,United States of America,Twitter
451,twitter.com/oapmen,TRUE,TRUE,2022,Qtr 1,January,31,Lifebuoy,United Kingdom,Has Description,10482,TRUE,No Link,aquapeak,United States of America,Twitter
452,twitter.com/oapmen,TRUE,TRUE,2022,Qtr 2,May,9,Lifebuoy,United Kingdom,Has Description,10552,TRUE,No Link,aquapeak,United States of America,Twitter
453,twitter.com/biayfc,FALSE,FALSE,2021,Qtr 4,December,31,Lifebuoy Arabia,Middle East,Has Description,12949,TRUE,Has Link,germanrosy,Romania,Twitter
454,twitter.com/biayfc,FALSE,FALSE,2022,Qtr 1,January,31,Lifebuoy Arabia,Middle East,Has Description,12942,TRUE,Has Link,germanrosy,Romania,Twitter
455,twitter.com/biayfc,FALSE,FALSE,2022,Qtr 2,May,9,Lifebuoy Arabia,Middle East,Has Description,12898,TRUE,Has Link,germanrosy,Romania,Twitter
456,twitter.com/ybryph,FALSE,FALSE,2021,Qtr 4,December,31,Lifebuoy Brasil,Vietnam,Has Description,653,TRUE,Has Link,dualjape,Saudi Arabia,Twitter
457,twitter.com/ybryph,FALSE,FALSE,2022,Qtr 1,January,31,Lifebuoy Brasil,Vietnam,Has Description,653,TRUE,Has Link,dualjape,Saudi Arabia,Twitter
458,twitter.com/ybryph,FALSE,FALSE,2022,Qtr 2,May,9,Lifebuoy Brasil,Vietnam,Has Description,650,TRUE,Has Link,dualjape,Saudi Arabia,Twitter
459,twitter.com/adaypk,FALSE,FALSE,2021,Qtr 4,December,31,Lifebuoy Canada,Vietnam,Has Description,1,FALSE,No Link,germanrosy,Singapore,Twitter
460,twitter.com/adaypk,FALSE,FALSE,2022,Qtr 1,January,31,Lifebuoy Canada,Vietnam,Has Description,1,FALSE,No Link,germanrosy,Singapore,Twitter
461,twitter.com/adaypk,FALSE,FALSE,2022,Qtr 2,May,9,Lifebuoy Canada,Vietnam,Has Description,1,FALSE,No Link,germanrosy,Singapore,Twitter
462,twitter.com/yfcoap,FALSE,FALSE,2021,Qtr 4,December,31,Lifebuoy FC,Vietnam,No Description,39,TRUE,No Link,handfoxy,"Taiwan, Province of China",Twitter
463,twitter.com/yfcoap,FALSE,FALSE,2022,Qtr 1,January,31,Lifebuoy FC,Vietnam,No Description,39,TRUE,No Link,handfoxy,"Taiwan, Province of China",Twitter
464,twitter.com/yfcoap,FALSE,FALSE,2022,Qtr 2,May,9,Lifebuoy FC,Vietnam,No Description,39,TRUE,No Link,handfoxy,"Taiwan, Province of China",Twitter
465,twitter.com/anayUK,FALSE,FALSE,2021,Qtr 4,December,31,Lifebuoy Ghana,Accra Ghana,Has Description,827,TRUE,Has Link,dualjape,Thailand,Twitter
466,twitter.com/anayUK,FALSE,FALSE,2022,Qtr 1,January,31,Lifebuoy Ghana,Accra Ghana,Has Description,823,TRUE,Has Link,dualjape,Thailand,Twitter
467,twitter.com/anayUK,FALSE,FALSE,2022,Qtr 2,May,9,Lifebuoy Ghana,Accra Ghana,Has Description,819,TRUE,Has Link,dualjape,Thailand,Twitter
468,twitter.com/ypkynx,FALSE,FALSE,2021,Qtr 4,December,31,Lifebuoy Pakistan,Vietnam,No Description,772,TRUE,Has Link,ironsoft,Ukraine,Twitter
469,twitter.com/ypkynx,FALSE,FALSE,2022,Qtr 1,January,31,Lifebuoy Pakistan,Vietnam,No Description,770,TRUE,Has Link,ironsoft,Ukraine,Twitter
470,twitter.com/ypkynx,FALSE,FALSE,2022,Qtr 2,May,9,Lifebuoy Pakistan,Vietnam,No Description,766,TRUE,Has Link,ironsoft,Ukraine,Twitter
471,twitter.com/yphyZA,FALSE,FALSE,2021,Qtr 4,December,31,Lifebuoy Philippines,Vietnam,No Description,2,FALSE,No Link,aquapeak,Turkey,Twitter
472,twitter.com/yphyZA,FALSE,FALSE,2022,Qtr 1,January,31,Lifebuoy Philippines,Vietnam,No Description,2,FALSE,No Link,aquapeak,Turkey,Twitter
473,twitter.com/yphyZA,FALSE,FALSE,2022,Qtr 2,May,9,Lifebuoy Philippines,Vietnam,No Description,2,FALSE,No Link,aquapeak,Turkey,Twitter
474,twitter.com/yUKesg,TRUE,TRUE,2021,Qtr 4,December,31,Lifebuoy UK & IE,United Kingdom,Has Description,1490,TRUE,Has Link,ironsoft,Uruguay,Twitter
475,twitter.com/yUKesg,TRUE,TRUE,2022,Qtr 1,January,31,Lifebuoy UK & IE,United Kingdom,Has Description,1440,TRUE,Has Link,ironsoft,Uruguay,Twitter
476,twitter.com/yUKesg,TRUE,TRUE,2022,Qtr 2,May,9,Lifebuoy UK & IE,United Kingdom,Has Description,2921,TRUE,Has Link,ironsoft,Uruguay,Twitter
477,twitter.com/yZAeru,FALSE,FALSE,2021,Qtr 4,December,31,LifebuoyZA,Vietnam,Has Description,2359,TRUE,No Link,aquapeak,Vietnam,Twitter
478,twitter.com/yZAeru,FALSE,FALSE,2022,Qtr 1,January,31,LifebuoyZA,Vietnam,Has Description,2347,TRUE,No Link,aquapeak,Vietnam,Twitter
479,twitter.com/yZAeru,FALSE,FALSE,2022,Qtr 2,May,9,LifebuoyZA,Vietnam,Has Description,2352,TRUE,No Link,aquapeak,Vietnam,Twitter
480,twitter.com/ynxana,TRUE,TRUE,2021,Qtr 4,December,31,Lynx,UK,Has Description,58375,TRUE,Has Link,germanrosy,Brazil,Twitter
481,twitter.com/ynxana,TRUE,TRUE,2022,Qtr 1,January,31,Lynx,UK,Has Description,58637,TRUE,Has Link,germanrosy,Brazil,Twitter
482,twitter.com/ynxana,TRUE,TRUE,2022,Qtr 2,May,9,Lynx,UK,Has Description,59373,TRUE,Has Link,germanrosy,Brazil,Twitter
483,twitter.com/ile,FALSE,FALSE,2021,Qtr 4,December,31,michele khan,Vietnam,No Description,8,FALSE,No Link,bassvest,South Africa,Twitter
484,twitter.com/ile,FALSE,FALSE,2022,Qtr 1,January,31,michele khan,Vietnam,No Description,8,FALSE,No Link,bassvest,South Africa,Twitter
485,twitter.com/ile,FALSE,FALSE,2022,Qtr 2,May,9,michele khan,Vietnam,No Description,8,FALSE,No Link,bassvest,South Africa,Twitter
486,twitter.com/ana_bo,FALSE,FALSE,2021,Qtr 4,December,31,Pepsodent Ghana,Vietnam,Has Description,3510,TRUE,Has Link,aquapeak,Philippines,Twitter
487,twitter.com/ana_bo,FALSE,FALSE,2022,Qtr 1,January,31,Pepsodent Ghana,Vietnam,Has Description,3495,TRUE,Has Link,aquapeak,Philippines,Twitter
488,twitter.com/ana_bo,FALSE,FALSE,2022,Qtr 2,May,9,Pepsodent Ghana,Vietnam,Has Description,3574,TRUE,Has Link,aquapeak,Philippines,Twitter
489,twitter.com/dia_el,FALSE,FALSE,2021,Qtr 4,December,31,Pepsodent India,India,No Description,850,TRUE,Has Link,germanrosy,Vietnam,Twitter
490,twitter.com/dia_el,FALSE,FALSE,2022,Qtr 1,January,31,Pepsodent India,India,No Description,849,TRUE,Has Link,germanrosy,Vietnam,Twitter
491,twitter.com/dia_el,FALSE,FALSE,2022,Qtr 2,May,9,Pepsodent India,India,No Description,844,TRUE,Has Link,germanrosy,Vietnam,Twitter
492,twitter.com/nya_de,FALSE,FALSE,2021,Qtr 4,December,31,Pepsodent Kenya,Kenya,Has Description,1267,TRUE,Has Link,handfoxy,United Kingdom of Great Britain and Northern Island,Twitter
493,twitter.com/nya_de,FALSE,FALSE,2022,Qtr 1,January,31,Pepsodent Kenya,Kenya,Has Description,1264,TRUE,Has Link,handfoxy,United Kingdom of Great Britain and Northern Island,Twitter
494,twitter.com/nya_de,FALSE,FALSE,2022,Qtr 2,May,9,Pepsodent Kenya,Kenya,Has Description,1257,TRUE,Has Link,handfoxy,United Kingdom of Great Britain and Northern Island,Twitter
495,twitter.com/tng_id,FALSE,FALSE,2021,Qtr 4,December,31,Pepsodent Nigeria,Vietnam,Has Description,3476,TRUE,Has Link,handfoxy,Canada,Twitter
496,twitter.com/tng_id,FALSE,FALSE,2022,Qtr 1,January,31,Pepsodent Nigeria,Vietnam,Has Description,3475,TRUE,Has Link,handfoxy,Canada,Twitter
497,twitter.com/tng_id,FALSE,FALSE,2022,Qtr 2,May,9,Pepsodent Nigeria,Vietnam,Has Description,3478,TRUE,Has Link,handfoxy,Canada,Twitter
498,twitter.com/_idARG,TRUE,TRUE,2021,Qtr 4,December,31,Rexona,Indonesia,Has Description,21912,TRUE,Has Link,bassvest,Argentina,Twitter
499,twitter.com/_idARG,TRUE,TRUE,2022,Qtr 1,January,31,Rexona,Indonesia,Has Description,21895,TRUE,Has Link,bassvest,Argentina,Twitter
500,twitter.com/_idARG,TRUE,TRUE,2022,Qtr 2,May,9,Rexona,Indonesia,Has Description,21849,TRUE,Has Link,bassvest,Argentina,Twitter
501,twitter.com/MDAaMx,FALSE,FALSE,2021,Qtr 4,December,31,Rexona,Vietnam,Has Description,3062,TRUE,Has Link,dualjape,China,Twitter
502,twitter.com/MDAaMx,FALSE,FALSE,2022,Qtr 1,January,31,Rexona,Vietnam,Has Description,3060,TRUE,Has Link,dualjape,China,Twitter
503,twitter.com/MDAaMx,FALSE,FALSE,2022,Qtr 2,May,9,Rexona,Vietnam,Has Description,3045,TRUE,Has Link,dualjape,China,Twitter
504,twitter.com/anluay,FALSE,FALSE,2021,Qtr 4,December,31,Rexona,Vietnam,Has Description,18,FALSE,Has Link,techfond,France,Twitter
505,twitter.com/anluay,FALSE,FALSE,2022,Qtr 1,January,31,Rexona,Vietnam,Has Description,18,FALSE,Has Link,techfond,France,Twitter
506,twitter.com/anluay,FALSE,FALSE,2022,Qtr 2,May,9,Rexona,Vietnam,Has Description,18,FALSE,Has Link,techfond,France,Twitter
507,twitter.com/biaaea,TRUE,TRUE,2021,Qtr 4,December,31,Rexona Arabia,Vietnam,Has Description,23822,TRUE,No Link,aquapeak,Bangladesh,Twitter
508,twitter.com/biaaea,TRUE,TRUE,2022,Qtr 1,January,31,Rexona Arabia,Vietnam,Has Description,23808,TRUE,No Link,aquapeak,Bangladesh,Twitter
509,twitter.com/biaaea,TRUE,TRUE,2022,Qtr 2,May,9,Rexona Arabia,Vietnam,Has Description,23740,TRUE,No Link,aquapeak,Bangladesh,Twitter
510,twitter.com/ARGesp,FALSE,FALSE,2021,Qtr 4,December,31,Rexona Argentina,Vietnam,Has Description,11456,TRUE,Has Link,aquapeak,Belgium,Twitter
511,twitter.com/ARGesp,FALSE,FALSE,2022,Qtr 1,January,31,Rexona Argentina,Vietnam,Has Description,11445,TRUE,Has Link,aquapeak,Belgium,Twitter
512,twitter.com/ARGesp,FALSE,FALSE,2022,Qtr 2,May,9,Rexona Argentina,Vietnam,Has Description,11429,TRUE,Has Link,aquapeak,Belgium,Twitter
513,twitter.com/aauana,TRUE,TRUE,2021,Qtr 4,December,31,Rexona Australia,Australia,Has Description,3708,TRUE,Has Link,dualjape,"Bolivia, Plurinational State of",Twitter
514,twitter.com/aauana,TRUE,TRUE,2022,Qtr 1,January,31,Rexona Australia,Australia,Has Description,3693,TRUE,Has Link,dualjape,"Bolivia, Plurinational State of",Twitter
515,twitter.com/aauana,TRUE,TRUE,2022,Qtr 2,May,9,Rexona Australia,Australia,Has Description,3685,TRUE,Has Link,dualjape,"Bolivia, Plurinational State of",Twitter
516,twitter.com/_bo_ph,FALSE,FALSE,2021,Qtr 4,December,31,Rexona Bolivia,Vietnam,No Description,97,TRUE,No Link,vandawn,United States of America,Twitter
517,twitter.com/_bo_ph,FALSE,FALSE,2022,Qtr 1,January,31,Rexona Bolivia,Vietnam,No Description,97,TRUE,No Link,vandawn,United States of America,Twitter
518,twitter.com/_bo_ph,FALSE,FALSE,2022,Qtr 2,May,9,Rexona Bolivia,Vietnam,No Description,97,TRUE,No Link,vandawn,United States of America,Twitter
519,twitter.com/_desia,TRUE,TRUE,2021,Qtr 4,December,31,Rexona Deutschland,"Hamburg, Germany",Has Description,135,TRUE,Has Link,ironsoft,United States of America,Twitter
520,twitter.com/_desia,TRUE,TRUE,2022,Qtr 1,January,31,Rexona Deutschland,"Hamburg, Germany",Has Description,134,TRUE,Has Link,ironsoft,United States of America,Twitter
521,twitter.com/_desia,TRUE,TRUE,2022,Qtr 2,May,9,Rexona Deutschland,"Hamburg, Germany",Has Description,134,TRUE,Has Link,ironsoft,United States of America,Twitter
522,twitter.com/_elbia,FALSE,FALSE,2021,Qtr 4,December,31,Rexona El Salvador,Vietnam,Has Description,9,TRUE,No Link,handfoxy,United States of America,Twitter
523,twitter.com/_elbia,FALSE,FALSE,2022,Qtr 1,January,31,Rexona El Salvador,Vietnam,Has Description,10,TRUE,No Link,handfoxy,United States of America,Twitter
524,twitter.com/_elbia,FALSE,FALSE,2022,Qtr 2,May,9,Rexona El Salvador,Vietnam,Has Description,10,TRUE,No Link,handfoxy,United States of America,Twitter
525,twitter.com/espnfr,TRUE,TRUE,2021,Qtr 4,December,31,Rexona España,Vietnam,Has Description,6455,TRUE,Has Link,carslord,Canada,Twitter
526,twitter.com/espnfr,TRUE,TRUE,2022,Qtr 1,January,31,Rexona España,Vietnam,Has Description,6441,TRUE,Has Link,carslord,Canada,Twitter
527,twitter.com/espnfr,TRUE,TRUE,2022,Qtr 2,May,9,Rexona España,Vietnam,Has Description,6383,TRUE,Has Link,carslord,Canada,Twitter
528,twitter.com/ananPy,FALSE,FALSE,2021,Qtr 4,December,31,Rexona Ghana,Ghana,Has Description,2821,TRUE,Has Link,germanrosy,Chile,Twitter
529,twitter.com/ananPy,FALSE,FALSE,2022,Qtr 1,January,31,Rexona Ghana,Ghana,Has Description,2817,TRUE,Has Link,germanrosy,Chile,Twitter
530,twitter.com/ananPy,FALSE,FALSE,2022,Qtr 2,May,9,Rexona Ghana,Ghana,Has Description,2804,TRUE,Has Link,germanrosy,Chile,Twitter
531,twitter.com/aeanec,FALSE,FALSE,2021,Qtr 4,December,31,Rexona Kenya,Kenya,Has Description,1712,TRUE,Has Link,handfoxy,Bulgaria,Twitter
532,twitter.com/aeanec,FALSE,FALSE,2022,Qtr 1,January,31,Rexona Kenya,Kenya,Has Description,1711,TRUE,Has Link,handfoxy,Bulgaria,Twitter
533,twitter.com/aeanec,FALSE,FALSE,2022,Qtr 2,May,9,Rexona Kenya,Kenya,Has Description,1700,TRUE,Has Link,handfoxy,Bulgaria,Twitter
534,twitter.com/diadal,FALSE,FALSE,2021,Qtr 4,December,31,Rexona Men Ecuador,Ecuador,Has Description,55,TRUE,Has Link,carslord,Singapore,Twitter
535,twitter.com/necang,FALSE,FALSE,2022,Qtr 2,May,9,Rexona Men Ecuador,Ecuador,Has Description,55,TRUE,Has Link,techfond,Colombia,Twitter
536,twitter.com/nfranl,FALSE,FALSE,2021,Qtr 4,December,31,Rexona Men France,France,Has Description,382,TRUE,Has Link,carslord,Croatia,Twitter
537,twitter.com/nfranl,FALSE,FALSE,2022,Qtr 1,January,31,Rexona Men France,France,Has Description,382,TRUE,Has Link,carslord,Croatia,Twitter
538,twitter.com/nfranl,FALSE,FALSE,2022,Qtr 2,May,9,Rexona Men France,France,Has Description,384,TRUE,Has Link,carslord,Croatia,Twitter
539,twitter.com/nPyska,FALSE,FALSE,2021,Qtr 4,December,31,Rexona Men Paraguay,"Asunción, Paraguay",Has Description,7739,TRUE,Has Link,weiwind,Czechia,Twitter
540,twitter.com/nPyska,FALSE,FALSE,2022,Qtr 1,January,31,Rexona Men Paraguay,"Asunción, Paraguay",Has Description,7725,TRUE,Has Link,weiwind,Czechia,Twitter
541,twitter.com/nPyska,FALSE,FALSE,2022,Qtr 2,May,9,Rexona Men Paraguay,"Asunción, Paraguay",Has Description,9483,TRUE,Has Link,weiwind,Czechia,Twitter
542,twitter.com/aMxand,TRUE,TRUE,2021,Qtr 4,December,31,Rexona México,México,Has Description,18468,TRUE,Has Link,aquapeak,Denmark,Twitter
543,twitter.com/aMxand,TRUE,TRUE,2022,Qtr 1,January,31,Rexona México,México,Has Description,18436,TRUE,Has Link,aquapeak,Denmark,Twitter
544,twitter.com/aMxand,TRUE,TRUE,2022,Qtr 2,May,9,Rexona México,México,Has Description,18363,TRUE,Has Link,aquapeak,Denmark,Twitter
545,twitter.com/angiye,FALSE,FALSE,2021,Qtr 4,December,31,Rexona NG,Nigeria,Has Description,662,TRUE,Has Link,dualjape,Finland,Twitter
546,twitter.com/angiye,FALSE,FALSE,2022,Qtr 1,January,31,Rexona NG,Nigeria,Has Description,660,TRUE,Has Link,dualjape,Finland,Twitter
547,twitter.com/angiye,FALSE,FALSE,2022,Qtr 2,May,9,Rexona NG,Nigeria,Has Description,653,TRUE,Has Link,dualjape,Finland,Twitter
548,twitter.com/ree_ar,TRUE,TRUE,2021,Qtr 4,December,31,Rexona Philippines,Vietnam,Has Description,10762,TRUE,Has Link,techfond,Philippines,Twitter
549,twitter.com/_phaau,TRUE,TRUE,2021,Qtr 4,December,31,Rexona Philippines,Vietnam,Has Description,10762,TRUE,Has Link,dualjape,Australia,Twitter
550,twitter.com/_phaau,TRUE,TRUE,2022,Qtr 1,January,31,Rexona Philippines,Vietnam,Has Description,10740,TRUE,Has Link,dualjape,Australia,Twitter
551,twitter.com/_phaau,TRUE,TRUE,2022,Qtr 2,May,9,Rexona Philippines,Vietnam,Has Description,10744,TRUE,Has Link,dualjape,Australia,Twitter
552,twitter.com/skanPY,FALSE,FALSE,2021,Qtr 4,December,31,Rexona Polska,"Warsaw, Poland",Has Description,5,TRUE,Has Link,ironsoft,Germany,Twitter
553,twitter.com/skanPY,FALSE,FALSE,2022,Qtr 1,January,31,Rexona Polska,"Warsaw, Poland",Has Description,5,TRUE,Has Link,ironsoft,Germany,Twitter
554,twitter.com/skanPY,FALSE,FALSE,2022,Qtr 2,May,9,Rexona Polska,"Warsaw, Poland",Has Description,5,TRUE,Has Link,ironsoft,Germany,Twitter
555,twitter.com/siaile,FALSE,FALSE,2021,Qtr 4,December,31,Rexona Russia,Vietnam,Has Description,26,TRUE,No Link,carslord,Austria,Twitter
556,twitter.com/siaile,FALSE,FALSE,2022,Qtr 1,January,31,Rexona Russia,Vietnam,Has Description,26,TRUE,No Link,carslord,Austria,Twitter
557,twitter.com/siaile,FALSE,FALSE,2022,Qtr 2,May,9,Rexona Russia,Vietnam,Has Description,25,TRUE,No Link,carslord,Austria,Twitter
558,twitter.com/and_Py,FALSE,FALSE,2021,Qtr 4,December,31,Rexona Thailand,Vietnam,No Description,21,FALSE,No Link,dualjape,Ghana,Twitter
559,twitter.com/and_Py,FALSE,FALSE,2022,Qtr 1,January,31,Rexona Thailand,Vietnam,No Description,21,FALSE,No Link,dualjape,Ghana,Twitter
560,twitter.com/and_Py,FALSE,FALSE,2022,Qtr 2,May,9,Rexona Thailand,Vietnam,No Description,31,FALSE,No Link,dualjape,Ghana,Twitter
561,twitter.com/iyeina,TRUE,TRUE,2021,Qtr 4,December,31,Rexona Türkiye,Vietnam,Has Description,7374,TRUE,Has Link,aquapeak,Global,Twitter
562,twitter.com/iyeina,TRUE,TRUE,2022,Qtr 1,January,31,Rexona Türkiye,Vietnam,Has Description,7352,TRUE,Has Link,aquapeak,Global,Twitter
563,twitter.com/iyeina,TRUE,TRUE,2022,Qtr 2,May,9,Rexona Türkiye,Vietnam,Has Description,7320,TRUE,Has Link,aquapeak,Global,Twitter
564,twitter.com/uayvia,FALSE,FALSE,2022,Qtr 1,January,31,Rexona Uruguay,Vietnam,Has Description,13633,TRUE,Has Link,aquapeak,Greece,Twitter
565,twitter.com/uayvia,FALSE,FALSE,2022,Qtr 2,May,9,Rexona Uruguay,Vietnam,Has Description,13576,TRUE,Has Link,aquapeak,Greece,Twitter
566,twitter.com/nPYuay,FALSE,FALSE,2021,Qtr 4,December,31,Rexona Women PY,Paraguay,Has Description,865,TRUE,Has Link,handfoxy,Hong Kong,Twitter
567,twitter.com/nPYuay,FALSE,FALSE,2022,Qtr 1,January,31,Rexona Women PY,Paraguay,Has Description,866,TRUE,Has Link,handfoxy,Hong Kong,Twitter
568,twitter.com/nPYuay,FALSE,FALSE,2022,Qtr 2,May,9,Rexona Women PY,Paraguay,Has Description,864,TRUE,Has Link,handfoxy,Hong Kong,Twitter
569,twitter.com/inaluy,FALSE,FALSE,2021,Qtr 4,December,31,Sedal Argentina,Argentina,Has Description,43993,TRUE,Has Link,dualjape,India,Twitter
570,twitter.com/inaluy,FALSE,FALSE,2022,Qtr 1,January,31,Sedal Argentina,Argentina,Has Description,43970,TRUE,Has Link,dualjape,India,Twitter
571,twitter.com/inaluy,FALSE,FALSE,2022,Qtr 2,May,9,Sedal Argentina,Argentina,Has Description,44411,TRUE,Has Link,dualjape,India,Twitter
572,twitter.com/via_ZA,FALSE,FALSE,2021,Qtr 4,December,31,Sedal Bolivia,Bolivia,No Description,44,TRUE,No Link,aquapeak,Indonesia,Twitter
573,twitter.com/via_ZA,FALSE,FALSE,2022,Qtr 1,January,31,Sedal Bolivia,Bolivia,No Description,44,TRUE,No Link,aquapeak,Indonesia,Twitter
574,twitter.com/via_ZA,FALSE,FALSE,2022,Qtr 2,May,9,Sedal Bolivia,Bolivia,No Description,45,TRUE,No Link,aquapeak,Indonesia,Twitter
575,twitter.com/_phaau,FALSE,FALSE,2021,Qtr 4,December,31,Sedal Paraguay,Vietnam,Has Description,7810,TRUE,Has Link,dualjape,Australia,Twitter
576,twitter.com/_Pyeru,FALSE,FALSE,2022,Qtr 1,January,31,Sedal Paraguay,Vietnam,Has Description,7807,TRUE,Has Link,techfond,Hungary,Twitter
577,twitter.com/_Pyeru,FALSE,FALSE,2022,Qtr 2,May,9,Sedal Paraguay,Vietnam,Has Description,7796,TRUE,Has Link,techfond,Hungary,Twitter
578,twitter.com/uayMen,FALSE,FALSE,2021,Qtr 4,December,31,Sedal Paraguay •,Vietnam,No Description,15,FALSE,No Link,weiwind,"Iran, Islamic Republic of",Twitter
579,twitter.com/uayMen,FALSE,FALSE,2022,Qtr 1,January,31,Sedal Paraguay •,Vietnam,No Description,15,FALSE,No Link,weiwind,"Iran, Islamic Republic of",Twitter
580,twitter.com/uayMen,FALSE,FALSE,2022,Qtr 2,May,9,Sedal Paraguay •,Vietnam,No Description,15,FALSE,No Link,weiwind,"Iran, Islamic Republic of",Twitter
581,twitter.com/erubia,FALSE,FALSE,2021,Qtr 4,December,31,Sedal Perú,Vietnam,Has Description,3517,TRUE,No Link,carslord,Israel,Twitter
582,twitter.com/erubia,FALSE,FALSE,2022,Qtr 1,January,31,Sedal Perú,Vietnam,Has Description,3514,TRUE,No Link,carslord,Israel,Twitter
583,twitter.com/erubia,FALSE,FALSE,2022,Qtr 2,May,9,Sedal Perú,Vietnam,Has Description,3509,TRUE,No Link,carslord,Israel,Twitter
584,twitter.com/luyrts,FALSE,FALSE,2021,Qtr 4,December,31,Sedal Uruguay,Vietnam,Has Description,8075,TRUE,Has Link,aquapeak,Italy,Twitter
585,twitter.com/luyrts,FALSE,FALSE,2022,Qtr 1,January,31,Sedal Uruguay,Vietnam,Has Description,8063,TRUE,Has Link,aquapeak,Italy,Twitter
586,twitter.com/luyrts,FALSE,FALSE,2022,Qtr 2,May,9,Sedal Uruguay,Vietnam,Has Description,8039,TRUE,Has Link,aquapeak,Italy,Twitter
587,twitter.com/Mensia,FALSE,FALSE,2021,Qtr 4,December,31,Shield Men,Vietnam,Has Description,5205,TRUE,Has Link,techfond,Kazakhstan,Twitter
588,twitter.com/Mensia,FALSE,FALSE,2022,Qtr 1,January,31,Shield Men,Vietnam,Has Description,5194,TRUE,Has Link,techfond,Kazakhstan,Twitter
589,twitter.com/Mensia,FALSE,FALSE,2022,Qtr 2,May,9,Shield Men,Vietnam,Has Description,5175,TRUE,Has Link,techfond,Kazakhstan,Twitter
590,twitter.com/_ZAkid,TRUE,TRUE,2021,Qtr 4,December,31,Shield South Africa,South Africa,Has Description,20283,TRUE,Has Link,dualjape,Japan,Twitter
591,twitter.com/_ZAkid,TRUE,TRUE,2022,Qtr 1,January,31,Shield South Africa,South Africa,Has Description,20287,TRUE,Has Link,dualjape,Japan,Twitter
592,twitter.com/_ZAkid,TRUE,TRUE,2022,Qtr 2,May,9,Shield South Africa,South Africa,Has Description,20319,TRUE,Has Link,dualjape,Japan,Twitter
593,twitter.com/biakPH,FALSE,FALSE,2021,Qtr 4,December,31,Sunsilk Arabia,Arabia,Has Description,1164,TRUE,Has Link,aquapeak,Kenya,Twitter
594,twitter.com/biakPH,FALSE,FALSE,2022,Qtr 1,January,31,Sunsilk Arabia,Arabia,Has Description,1162,TRUE,Has Link,aquapeak,Kenya,Twitter
595,twitter.com/biakPH,FALSE,FALSE,2022,Qtr 2,May,9,Sunsilk Arabia,Arabia,Has Description,1153,TRUE,Has Link,aquapeak,Kenya,Twitter
596,twitter.com/rtskPK,FALSE,FALSE,2021,Qtr 4,December,31,Sunsilk India,India,Has Description,2860,TRUE,Has Link,aquapeak,"Korea, Republic of",Twitter
597,twitter.com/rtskPK,FALSE,FALSE,2022,Qtr 1,January,31,Sunsilk India,India,Has Description,2861,TRUE,Has Link,aquapeak,"Korea, Republic of",Twitter
598,twitter.com/rtskPK,FALSE,FALSE,2022,Qtr 2,May,9,Sunsilk India,India,Has Description,2844,TRUE,Has Link,aquapeak,"Korea, Republic of",Twitter
599,twitter.com/kidksg,TRUE,TRUE,2021,Qtr 4,December,31,Sunsilk Indonesia,Indonesia,Has Description,33399,TRUE,Has Link,germanrosy,Latvia,Twitter
600,twitter.com/kidksg,TRUE,TRUE,2022,Qtr 1,January,31,Sunsilk Indonesia,Indonesia,Has Description,33335,TRUE,Has Link,germanrosy,Latvia,Twitter
601,twitter.com/kidksg,TRUE,TRUE,2022,Qtr 2,May,9,Sunsilk Indonesia,Indonesia,Has Description,33214,TRUE,Has Link,germanrosy,Latvia,Twitter
602,twitter.com/kPKeuk,FALSE,FALSE,2021,Qtr 4,December,31,Sunsilk Pakistan,"Karachi, Pakistan",No Description,246,TRUE,Has Link,handfoxy,Malta,Twitter
603,twitter.com/kPKeuk,FALSE,FALSE,2022,Qtr 1,January,31,Sunsilk Pakistan,"Karachi, Pakistan",No Description,247,TRUE,Has Link,handfoxy,Malta,Twitter
604,twitter.com/kPKeuk,FALSE,FALSE,2022,Qtr 2,May,9,Sunsilk Pakistan,"Karachi, Pakistan",No Description,244,TRUE,Has Link,handfoxy,Malta,Twitter
605,twitter.com/kPHure,TRUE,TRUE,2021,Qtr 4,December,31,Sunsilk PH,"Manila, Philippines",Has Description,16840,TRUE,Has Link,dualjape,Malaysia,Twitter
606,twitter.com/kPHure,TRUE,TRUE,2022,Qtr 1,January,31,Sunsilk PH,"Manila, Philippines",Has Description,16824,TRUE,Has Link,dualjape,Malaysia,Twitter
607,twitter.com/kPHure,TRUE,TRUE,2022,Qtr 2,May,9,Sunsilk PH,"Manila, Philippines",Has Description,17687,TRUE,No Link,dualjape,Malaysia,Twitter
608,twitter.com/ksgAxe,FALSE,FALSE,2021,Qtr 4,December,31,Sunsilk Singapore,Vietnam,No Description,3,FALSE,No Link,techfond,Mexico,Twitter
609,twitter.com/ksgAxe,FALSE,FALSE,2022,Qtr 1,January,31,Sunsilk Singapore,Vietnam,No Description,3,FALSE,No Link,techfond,Mexico,Twitter
610,twitter.com/ksgAxe,FALSE,FALSE,2022,Qtr 2,May,9,Sunsilk Singapore,Vietnam,No Description,3,FALSE,No Link,techfond,Mexico,Twitter
611,twitter.com/siaand,FALSE,FALSE,2021,Qtr 4,December,31,SUNSILKMALAYSIA,Malaysia,Has Description,13638,TRUE,Has Link,weiwind,Lebanon,Twitter
612,twitter.com/siaand,FALSE,FALSE,2022,Qtr 1,January,31,SUNSILKMALAYSIA,Malaysia,Has Description,13622,TRUE,Has Link,weiwind,Lebanon,Twitter
613,twitter.com/siaand,FALSE,FALSE,2022,Qtr 2,May,9,SUNSILKMALAYSIA,Malaysia,Has Description,13552,TRUE,Has Link,weiwind,Lebanon,Twitter
614,twitter.com/and_be,FALSE,FALSE,2021,Qtr 4,December,31,SunsilkThailand,Argentina,Has Description,448,TRUE,Has Link,dualjape,Morocco,Twitter
615,twitter.com/and_be,FALSE,FALSE,2022,Qtr 1,January,31,SunsilkThailand,Argentina,Has Description,448,TRUE,Has Link,dualjape,Morocco,Twitter
616,twitter.com/and_be,FALSE,FALSE,2022,Qtr 2,May,9,SunsilkThailand,Argentina,Has Description,456,TRUE,Has Link,dualjape,Morocco,Twitter
617,twitter.com/urevia,TRUE,TRUE,2021,Qtr 4,December,31,Sure UK & Ireland,United Kingdom,Has Description,24444,TRUE,Has Link,handfoxy,Netherlands,Twitter
618,twitter.com/urevia,TRUE,TRUE,2022,Qtr 1,January,31,Sure UK & Ireland,United Kingdom,Has Description,24387,TRUE,Has Link,handfoxy,Netherlands,Twitter
619,twitter.com/urevia,TRUE,TRUE,2022,Qtr 2,May,9,Sure UK & Ireland,United Kingdom,Has Description,24531,TRUE,Has Link,handfoxy,Netherlands,Twitter
620,twitter.com/dal,FALSE,FALSE,2021,Qtr 1,March,9,Vida Sedal,Vietnam,Has Description,4915,TRUE,Has Link,handfoxy,Spain,Twitter
621,twitter.com/dal,FALSE,FALSE,2021,Qtr 4,December,31,Vida Sedal,Vietnam,Has Description,4829,TRUE,Has Link,handfoxy,Spain,Twitter
622,twitter.com/dal,FALSE,FALSE,2022,Qtr 1,January,31,Vida Sedal,Vietnam,Has Description,4827,TRUE,Has Link,handfoxy,Spain,Twitter
623,twitter.com/dal,FALSE,FALSE,2022,Qtr 2,May,9,Vida Sedal,Vietnam,Has Description,4811,TRUE,Has Link,handfoxy,Spain,Twitter
624,twitter.com/_jp,TRUE,TRUE,2021,Qtr 4,December,31,ダヴ Dove,Vietnam,Has Description,42943,TRUE,Has Link,ironsoft,Slovenia,Twitter
625,twitter.com/_jp,TRUE,TRUE,2022,Qtr 2,May,9,ダヴ Dove,Vietnam,Has Description,41344,TRUE,Has Link,ironsoft,Slovenia,Twitter
626,twitter.com/ejpnpy,FALSE,FALSE,2022,Qtr 2,May,9,Dove Men + Care,Vietnam,Has Description,314,TRUE,Has Link,handfoxy,Italy,Twitter
627,twitter.com/ejpnpy,TRUE,TRUE,2021,Qtr 4,December,31,Dove Men + Care,Vietnam,Has Description,323,TRUE,Has Link,handfoxy,Italy,Twitter
628,twitter.com/ejpnpy,TRUE,TRUE,2022,Qtr 1,January,31,Dove Men + Care,Vietnam,Has Description,321,TRUE,Has Link,handfoxy,Italy,Twitter
